"id","afbeelding","muurschildering","jaar","locatie"
"1","Noord-gevel bij orgel - 't Zandt - 20220897 - RCE.jpg","RM40295MU13","1967","commons"
"2","https://beeldbank.cultureelerfgoed.nl/rce-mediabank/detail/208e911f-0cc0-5114-594a-7c34c83bf35e/media/fec8bc55-405a-022d-0159-bb2ee802dbe6","RM40295MU21","1962","rce"
"3","Interieur, koor, 5e vak, gewelfschildering, detail - 't Zandt - 20374259 - RCE.jpg","RM40295MU21",,"commons"
"4","Interieur, koor, 5e travee, gewelfschildering, detail - 't Zandt - 20374257 - RCE.jpg","RM40295MU20",,"commons"
"5","Sluitring Sebastiaanskerk Bierum.jpg","RM9465MU1","2019","commons"
"6","https://beeldbank.cultureelerfgoed.nl/rce-mediabank/detail/b8fb73b8-151e-15cc-6892-640d96ac2c14/media/551375ff-ca53-b4c2-5013-4ddcd8adcc50","RM9465MU1","1995","rce"
"7","Leeuw (rechts) gewelfschildering.jpg","RM9465MU2","2019","commons"
"8","https://beeldbank.cultureelerfgoed.nl/rce-mediabank/detail/9fab829b-fe27-b515-e275-7e28f7f050c0/media/78f7e23f-7de6-833b-7699-352e27443a19","RM9465MU2","1984","rce"
"9","https://beeldbank.cultureelerfgoed.nl/rce-mediabank/detail/cf77cb77-f73f-f6e0-b027-c811894379c9/media/f8576eef-3913-78a2-2fb1-ce27482a84c3","RM9465MU2","1995","rce"
"10","Detail leeuw gewelfschildering.jpg","RM9465MU2","2019","commons"
"11","Werktekening Sebastiaan en leeuw, conservatie 2019.png","RM9465MU2","2019","commons"
"12","Maiestas Domini gewelfschildering.jpg","RM9465MU3","2019","commons"
"13","Maiestas Domini detail gewelfschildering.jpg","RM9465MU3","2019","commons"
"14","Maiestas Domini met evangelisten Mattheus en Johannes gewelfschildering.jpg","RM9465MU3","2019","commons"
"15","https://beeldbank.cultureelerfgoed.nl/rce-mediabank/detail/6f3949d7-0cbd-e08a-9979-78ccdd6eadb5/media/d07b0d6f-0d33-9503-12f1-6c6d3723a30e","RM9465MU3","1946","rce"
"16","https://beeldbank.cultureelerfgoed.nl/rce-mediabank/detail/51209b64-7cc1-37eb-af50-acbd8b241b2e/media/1b62bfad-2319-3f17-648f-bbb172c2943e","RM9465MU3","1950","rce"
"17","https://beeldbank.cultureelerfgoed.nl/rce-mediabank/detail/bee75543-7d10-8207-285c-fc03942cc678/media/f1f5e4aa-cb23-333d-1f44-34a945d13fa4","RM9465MU3","1984","rce"
"18","Werktekening Maiestas Domini, conservatie 2019.png","RM9465MU3","2019","commons"
"19","Catharina van Alexandrië met rad gewelfschildering.jpg","RM9465MU4","2019","commons"
"20","Werktekening Catharina van Alexandrië met rad, conservatie 2019.png","RM9465MU4","2019","commons"
"21","https://beeldbank.cultureelerfgoed.nl/rce-mediabank/detail/6f3949d7-0cbd-e08a-9979-78ccdd6eadb5/media/d07b0d6f-0d33-9503-12f1-6c6d3723a30e","RM9465MU4","1946","rce"
"22","https://beeldbank.cultureelerfgoed.nl/rce-mediabank/detail/3d1c101f-1245-f823-7952-e08d5aa8aa85/media/d882a96a-7485-0654-7989-5b440dcf5a7c","RM9465MU4","1995","rce"
"23","Maria met Kind gewelfschildering.jpg","RM9465MU5","2019","commons"
"24","https://beeldbank.cultureelerfgoed.nl/rce-mediabank/detail/e13496fb-ed74-7e29-faf8-ffb25cf35660/media/e94df47b-f79a-1442-be4f-f4c8c05bb1be","RM9465MU5","1946","rce"
"25","https://beeldbank.cultureelerfgoed.nl/rce-mediabank/detail/8d2e60ba-a0d8-dac1-907a-679abbb81aff/media/21da32e9-be96-712c-d1eb-01742524cae9","RM9465MU5","1984","rce"
"26","Werktekening Maria met kind, conservatie 2019.png","RM9465MU5","2019","commons"
"27","Kroning van Maria gewelfschildering.jpg","RM9465MU6","2019","commons"
"28","https://beeldbank.cultureelerfgoed.nl/rce-mediabank/detail/3efee54c-e2d2-4487-f93e-8bc0eeab7922/media/f8d3d53e-e5af-a92a-0dd8-bb6a69e9cc5c","RM9465MU6","1946","rce"
"29","https://beeldbank.cultureelerfgoed.nl/rce-mediabank/detail/425c43a5-b2c0-e0f1-eda0-1b3008aeb26f/media/c0396dba-9b2c-4391-c2fb-a85a10ba57af","RM9465MU6","1984","rce"
"30","https://beeldbank.cultureelerfgoed.nl/rce-mediabank/detail/3775c066-88ba-b4e6-5ebf-1425ad4f33ea/media/70dd070e-47bb-53cd-2716-c6e4b941bd8a","RM9465MU6","1995","rce"
"31","Werktekening Kroning van Maria, conservatie 2019.jpg","RM9465MU6","2019","commons"
"32","Gregorius de Grote gewelfschildering.jpg","RM9465MU7","2019","commons"
"33","https://beeldbank.cultureelerfgoed.nl/rce-mediabank/detail/9fab829b-fe27-b515-e275-7e28f7f050c0/media/78f7e23f-7de6-833b-7699-352e27443a19","RM9465MU7","1986","rce"
"34","https://beeldbank.cultureelerfgoed.nl/rce-mediabank/detail/cf77cb77-f73f-f6e0-b027-c811894379c9/media/f8576eef-3913-78a2-2fb1-ce27482a84c3","RM9465MU7","1995","rce"
"35","Werktekening Gregorius de Grote conservatie 2019.png","RM9465MU7","2019","commons"
"36","Heilige Sebastiaan (rechts) gewelfschildering.jpg","RM9465MU8","2019","commons"
"37","https://beeldbank.cultureelerfgoed.nl/rce-mediabank/detail/9fab829b-fe27-b515-e275-7e28f7f050c0/media/78f7e23f-7de6-833b-7699-352e27443a19","RM9465MU8","1986","rce"
"38","https://beeldbank.cultureelerfgoed.nl/rce-mediabank/detail/cf77cb77-f73f-f6e0-b027-c811894379c9/media/f8576eef-3913-78a2-2fb1-ce27482a84c3","RM9465MU8","1995","rce"
"39","9 Wijdingskuis.jpg","RM9465MU9","2019","commons"
"40","9a Wijdingskruis.jpg","RM9465MU21","2019","commons"
"41","9b Wijdingskruis.jpg","RM9465MU22","2019","commons"
"42","Decoratieve cirkel gewelfschildering 10a.jpg","RM9465MU10","2019","commons"
"43","Decoratieve cirkel gewelfschildering 10b.jpg","RM9465MU11","2019","commons"
"44","Decoratieve cirkel gewelfschildering 10c.jpg","RM9465MU12","2019","commons"
"45","https://beeldbank.cultureelerfgoed.nl/rce-mediabank/detail/466c69d2-e03e-24bf-f9db-3056b53fa897/media/8e0b8e3d-fbca-c266-0611-703bd738f2df","RM9465MU12","1995","rce"
"46","Decoratieve cirkel gewelfschildering 10d.jpg","RM9465MU13","2019","commons"
"47","Decoratieve cirkel gewelfschildering 10e.jpg","RM9465MU14","2019","commons"
"48","Decoratieve cirkel gewelfschildering 10f.jpg","RM9465MU15","2019","commons"
"49","Decoratieve cirkel gewelfschildering 10g.jpg","RM9465MU16","2019","commons"
"50","Decoratieve cirkel gewelfschildering 10h.jpg","RM9465MU17","2019","commons"
"51","Decoratieve cirkel gewelfschildering 10i.jpg","RM9465MU18","2019","commons"
"52","Decoratieve cirkel gewelfschildering 10j.jpg","RM9465MU19","2019","commons"
"53","Decoratieve cirkel gewelfschildering 10k.jpg","RM9465MU20","2019","commons"
"54","1 ornamentband met leliemotief.jpg","RM40295MU1","2022","commons"
"55","https://beeldbank.cultureelerfgoed.nl/rce-mediabank/detail/dc4701da-68c6-1d6c-4601-ec52793eaac4/media/29c7a76c-7263-c33e-7cf2-706b0f79c930","RM40295MU1","1962","rce"
"56","2 gewelfvelden rode witte vlakken.jpg","RM40295MU2","2022","commons"
"57","https://beeldbank.cultureelerfgoed.nl/rce-mediabank/detail/dc4701da-68c6-1d6c-4601-ec52793eaac4/media/29c7a76c-7263-c33e-7cf2-706b0f79c930","RM40295MU2","1963","rce"
"58","https://beeldbank.cultureelerfgoed.nl/rce-mediabank/detail/7e5fed90-5097-59c6-9281-1b22366e47ad/media/eb254aac-b718-2604-f62b-8fccf42ce3cd","RM40295MU2","1967","rce"
"59","3 lam gods.jpg","RM40295MU3","2023","commons"
"60","https://beeldbank.cultureelerfgoed.nl/rce-mediabank/detail/b710ed9a-d3cd-953f-9b4f-6a86f969a19d/media/62cdb2ec-ecf6-56b2-e24f-ed218963cce6","RM40295MU3","1962","rce"
"61","https://beeldbank.cultureelerfgoed.nl/rce-mediabank/detail/52dcf52c-f40c-d258-258c-bfb49d1e9e8b/media/f1447577-9016-8727-4c01-01fb6f5eefee","RM40295MU3","1966","rce"
"62","4 fragment mozaiekverband.jpg","RM40295MU4","2022","commons"
"63","5a koppen van heiligen en wijdingskruis.jpg","RM40295MU5","2023","commons"
"64","https://beeldbank.cultureelerfgoed.nl/rce-mediabank/detail/b710ed9a-d3cd-953f-9b4f-6a86f969a19d/media/62cdb2ec-ecf6-56b2-e24f-ed218963cce6","RM40295MU5","1962","rce"
"65","https://beeldbank.cultureelerfgoed.nl/rce-mediabank/detail/900766ee-5f2b-0760-6397-7b8ce8493782/media/54e8fbff-d93c-791d-9f3d-cbdfcff92a7b","RM40295MU5","1967","rce"
"66","5a koppen van heiligen na c.jpg","RM40295MU5","2024","commons"
"67","6 heilige met kroon en staf.jpg","RM40295MU6","2022","commons"
"68","6 restant heilige met kroon en staf na c.jpg","RM40295MU6","2024","commons"
"69","7 heilige bisschop.jpg","RM40295MU7","2022","commons"
"70","https://beeldbank.cultureelerfgoed.nl/rce-mediabank/detail/2fc79159-094d-60c8-ae80-3a984b3d31b8/media/2469d490-99f8-ea10-13be-e31fada8083a","RM40295MU7","1962","rce"
"71","https://beeldbank.cultureelerfgoed.nl/rce-mediabank/detail/10892950-7456-2931-7cf9-8d3ce0482469/media/972f195f-6776-986a-3176-afd0674ad399","RM40295MU7","1967","rce"
"72","7 heilige bisschop na c.jpg","RM40295MU7","2024","commons"
"73","8 resten van ranken onder in gewelven.jpg","RM40295MU8","2023","commons"
"74","Laatste oordeel tzandt.jpg","RM40295MU9","2023","commons"
"75","https://beeldbank.cultureelerfgoed.nl/rce-mediabank/detail/981af6b7-6878-9896-7378-10e0ff6e38ae/media/b9472d77-e6c6-4f24-d86d-e79736f1553f","RM40295MU9","1962","rce"
"76","https://beeldbank.cultureelerfgoed.nl/rce-mediabank/detail/c928d18c-bddc-93cb-b130-36a638e8240d/media/b5b13ba2-453f-0e89-1a42-30c46de32e77","RM40295MU9","1962","rce"
"77","https://beeldbank.cultureelerfgoed.nl/rce-mediabank/detail/4bcb5d31-59ba-aa45-2850-0bdd5c8f83ea/media/3f8c7f1e-d8ed-3f1c-0441-d68e8e46f71f","RM40295MU9","1962","rce"
"78","https://beeldbank.cultureelerfgoed.nl/rce-mediabank/detail/49c530a4-d013-a752-c494-0fff83642ea0/media/1aca1401-2852-7244-5eab-4c62bac1175f","RM40295MU9","1962","rce"
"79","https://beeldbank.cultureelerfgoed.nl/rce-mediabank/detail/6c0ab681-1866-bad2-ec5d-602c12a1841e/media/64d55d17-3524-6e6b-16ec-62e787e674fd","RM40295MU9","1967","rce"
"80","10 koorgewelven.jpg","RM40295MU10","2023","commons"
"81","https://beeldbank.cultureelerfgoed.nl/rce-mediabank/detail/890df358-8d27-6869-9dbd-ce48a2fc6f6f/media/e5562829-e5fb-0d8f-2f84-ac829f782c14","RM40295MU10","1967","rce"
"82","Laatste oordeel tzandt.jpg","RM40295MU11","2023","commons"
"83","nog foto na invoegen of bij 9?","RM40295MU11",,
"84","12 fragment vrouw.jpg","RM40295MU12","2022","commons"
"85","12 fragment vrouw nc.jpg","RM40295MU12","2023","commons"
"86","https://beeldbank.cultureelerfgoed.nl/rce-mediabank/detail/fecb8950-a0e5-74f5-11c2-ec1316eab347/media/1a857e44-4692-21ad-e310-a86fb8136fdc","RM40295MU12","1962","rce"
"87","https://beeldbank.cultureelerfgoed.nl/rce-mediabank/detail/5d4a5e05-6ffd-78a4-65df-3ec3e3435217/media/7a66f147-848f-d131-2754-de0f64d414fc","RM40295MU12","1967","rce"
"88","13 figuur met bolhoed.jpg","RM40295MU13","2022","commons"
"89","13 figuur met bolhoed nc.jpg","RM40295MU13","2023","commons"
"90","https://beeldbank.cultureelerfgoed.nl/rce-mediabank/detail/a58048af-f542-2988-21a7-2eb084d7fd19/media/47f4f3d0-4e82-80cd-17bc-8ff6235656cc","RM40295MU13","1962","rce"
"91","https://beeldbank.cultureelerfgoed.nl/rce-mediabank/detail/51f473e2-b2ef-7d40-4ebe-c7c3d1ecc713/media/52ada1d7-c105-3471-ad77-58a030b53cf2","RM40295MU13","1967","rce"
"92","5b kop heilige wijdingskruis en kop met puntmuts.jpg","RM40295MU14","2023","commons"
"93","https://beeldbank.cultureelerfgoed.nl/rce-mediabank/detail/7ca5982f-957e-dacf-1fcb-12db39666d25/media/aa2ae14f-e668-43b6-55ba-6b5b08dae5ee","RM40295MU14","1963","rce"
"94","https://beeldbank.cultureelerfgoed.nl/rce-mediabank/detail/d9f4b689-4b8e-9f76-bec0-c8b926fbfaea/media/4e95f4e9-2620-c319-5edd-264250f689a1","RM40295MU14","1967","rce"
"95","5b kop heilige na c.jpg","RM40295MU14","2024","commons"
"96","10a man van smarten.jpg","RM40295MU15","2023","commons"
"97","https://beeldbank.cultureelerfgoed.nl/rce-mediabank/detail/0faef191-07d0-f9f4-9a70-6927636d5f1d/media/ea99bf96-895e-3b48-c022-b71865d16b5c","RM40295MU15","1962","rce"
"98","10b handen met wierookvaten.jpg","RM40295MU16","2023","commons"
"99","https://beeldbank.cultureelerfgoed.nl/rce-mediabank/detail/8f4f1d78-d660-ef3a-f7f3-bea0b67cd1cd/media/f363a317-0d98-892c-0133-f6b380358518","RM40295MU16","1962","rce"
"100","10c sirene.jpg","RM40295MU17","2023","commons"
"101","https://beeldbank.cultureelerfgoed.nl/rce-mediabank/detail/787b4157-da0f-ac5d-a433-9de01aed951e/media/4e4d261f-6c17-f2dc-1de0-4ce9d40bed13","RM40295MU17","1962","rce"
"102","10d hert.jpg","RM40295MU18","2023","commons"
"103","https://beeldbank.cultureelerfgoed.nl/rce-mediabank/detail/52dcf52c-f40c-d258-258c-bfb49d1e9e8b/media/f1447577-9016-8727-4c01-01fb6f5eefee","RM40295MU18","1966","rce"
"104","10e haan.jpg","RM40295MU19","2023","commons"
"105","10f Engel Mattheus.jpg","RM40295MU20","2023","commons"
"106","https://beeldbank.cultureelerfgoed.nl/rce-mediabank/detail/208e911f-0cc0-5114-594a-7c34c83bf35e/media/fec8bc55-405a-022d-0159-bb2ee802dbe6","RM40295MU20","1962","rce"
"107","https://beeldbank.cultureelerfgoed.nl/rce-mediabank/detail/41ba6d2e-171a-f36d-4bed-ed486dbef0a7/media/ad915636-7445-bbf6-db74-509b1e0e6379","RM40295MU20","1962","rce"
"108","10g leeuw Marcus.jpg","RM40295MU21","2023","commons"
"109","Gewelfschildering Leeuw Mariakerk 't Zandt.jpg","RM40295MU21","2023","commons"
"110","https://beeldbank.cultureelerfgoed.nl/rce-mediabank/detail/41ba6d2e-171a-f36d-4bed-ed486dbef0a7/media/ad915636-7445-bbf6-db74-509b1e0e6379","RM40295MU21","1962","rce"
"111","https://beeldbank.cultureelerfgoed.nl/rce-mediabank/detail/208e911f-0cc0-5114-594a-7c34c83bf35e/media/fec8bc55-405a-022d-0159-bb2ee802dbe6","RM40295MU21","1962","rce"
"112","10h os lucas.jpg","RM40295MU22","2023","commons"
"113","https://beeldbank.cultureelerfgoed.nl/rce-mediabank/detail/384ab2af-14d4-cbe9-2223-47c4a7359360/media/260ae5dd-efc8-5057-6672-d95b947c363e","RM40295MU22","1962","rce"
"114","10i adelaar johannes.jpg","RM40295MU23","2023","commons"
"115","https://beeldbank.cultureelerfgoed.nl/rce-mediabank/detail/51f473e2-b2ef-7d40-4ebe-c7c3d1ecc713/media/52ada1d7-c105-3471-ad77-58a030b53cf2","RM40295MU23","1962","rce"
"116","https://beeldbank.cultureelerfgoed.nl/rce-mediabank/detail/0faef191-07d0-f9f4-9a70-6927636d5f1d/media/ea99bf96-895e-3b48-c022-b71865d16b5c","RM40295MU23",,
"117","10j uil.jpg","RM40295MU24","2023","commons"
"118","https://beeldbank.cultureelerfgoed.nl/rce-mediabank/detail/3be2a48b-1a91-708f-b63a-26560bb2686e/media/bf162d79-adcd-480b-adc7-b73ddc3e040b","RM40295MU24","1962","rce"
"119","10k pelikaan.jpg","RM40295MU25","2023","commons"
"120","https://beeldbank.cultureelerfgoed.nl/rce-mediabank/detail/6c0ab681-1866-bad2-ec5d-602c12a1841e/media/64d55d17-3524-6e6b-16ec-62e787e674fd","RM40295MU25","1967","rce"
"121","10l engelen.jpg","RM40295MU26","2023","commons"
"122","https://beeldbank.cultureelerfgoed.nl/rce-mediabank/detail/ae128141-e20e-9c94-707d-4719440c239d/media/2e63ae87-89e1-026d-5b43-1604f61c55ac","RM40295MU26","1962","rce"
"123","14 nar, blaffend hondje links verdwenen.jpg","RM40295MU27","2022","commons"
"124","14 nar, blaffend hondje links verdwenen nc.jpg","RM40295MU27","2023","commons"
"125","https://beeldbank.cultureelerfgoed.nl/rce-mediabank/detail/168682ba-8cb2-6113-b9aa-a53d0a241c59/media/6975068c-9865-eed9-f460-0ad45b256f1c","RM40295MU27","1962","rce"
"126","15 kop met kapje of doek tussen rode ranken.jpg","RM40295MU28","2023","commons"
"127","15 kop met kapje of doek tussen ranken nc.jpg","RM40295MU28","2023","commons"
"128","https://beeldbank.cultureelerfgoed.nl/rce-mediabank/detail/8a01be1a-8995-09bf-5e24-a508c701225f/media/bbf48a78-a880-7967-4d78-d88cfe5ddffb","RM40295MU28","1962","rce"
"129","16 fragment dierfiguur.jpg","RM40295MU29","2023","commons"
"130","17 rankwerk met fragment heilig in nis.jpg","RM40295MU30","2022","commons"
"131","https://beeldbank.cultureelerfgoed.nl/rce-mediabank/detail/9f83929d-20f6-a67d-a410-9f7753205a61/media/08486568-8749-953a-2df8-a609752922a8","RM40295MU30","1962","rce"
"132","https://beeldbank.cultureelerfgoed.nl/rce-mediabank/detail/3639f3dd-76bf-8536-5570-bd50a9a55d7b/media/21fa8760-14c8-dcf0-73b8-6fa1ec0c39ee","RM40295MU30","1967","rce"
"133","17 rankwerk met fragment heilige na c.jpg","RM40295MU30","2024","commons"
"134","18 rankwerk rondom nis.jpg","RM40295MU31","2022","commons"
"135","https://beeldbank.cultureelerfgoed.nl/rce-mediabank/detail/2fc79159-094d-60c8-ae80-3a984b3d31b8/media/2469d490-99f8-ea10-13be-e31fada8083a","RM40295MU31","1962","rce"
"136","https://beeldbank.cultureelerfgoed.nl/rce-mediabank/detail/4adf35f6-d9d9-e6db-db30-c20f1f889b62/media/eeb0db21-2eb8-f8fb-aac7-2e155e6cc227","RM40295MU31","1967","rce"
"137","18 rankwerk rondom nis na c.jpg","RM40295MU31","2024","commons"
"138","19 ranken.jpg","RM40295MU32","2023","commons"
"139","https://beeldbank.cultureelerfgoed.nl/rce-mediabank/detail/72905e88-a74b-7987-7563-f9ccd80f343f/media/df0e45d9-adbe-3391-32dc-db85ba096181","RM40295MU32","1962","rce"
"140","19 rankwerk na c.jpg","RM40295MU32","2024","commons"
"141","20 figuur bolhoed trekt aan puntmuts.jpg","RM40295MU33","2023","commons"
"142","https://beeldbank.cultureelerfgoed.nl/rce-mediabank/detail/7ca5982f-957e-dacf-1fcb-12db39666d25/media/aa2ae14f-e668-43b6-55ba-6b5b08dae5ee","RM40295MU33","1962","rce"
"143","20 bolhoed met puntmuts nc.jpg","RM40295MU33","2023","commons"
"144","1 Kruisiging sluitring.jpg","RM26265MU1","2024","commons"
"145","2 Lam Gods sluitring.jpg","RM26265MU2","2024","commons"
"146","3 noorderkapel.jpg","RM26265MU3","2024","commons"
"147","https://beeldbank.cultureelerfgoed.nl/rce-mediabank/detail/51d2918d-bfab-aa88-1852-ff247767fef0/media/2ce28eaf-58bc-c3ef-4dc8-16c0e90f2157","RM26265MU3","1946","rce"
"148","3a ontmoeting van Joachim en Anna onder de gouden poort.jpg","RM26265MU11","2024","commons"
"149","https://beeldbank.cultureelerfgoed.nl/rce-mediabank/detail/15fc25d7-0c85-75f6-705e-2bfd5ba1c58a/media/374dc24c-5c82-8982-bc49-e640b05606cf","RM26265MU11","1942","rce"
"150","3b Annunciatie.jpg","RM26265MU12","2024","commons"
"151","https://beeldbank.cultureelerfgoed.nl/rce-mediabank/detail/c20d4ab5-6faf-195c-8e81-03c9039a21b6/media/ec8d845f-8a7c-63fe-b08e-cf07f70a6f7d","RM26265MU12","1942","rce"
"152","3c Visitatie.jpg","RM26265MU13","2024","commons"
"153","https://beeldbank.cultureelerfgoed.nl/rce-mediabank/detail/ef2c25e2-e6d0-7eb8-407c-a25a45d8109c/media/6e2b2fdc-f2cf-79f1-b1a7-554d91790054","RM26265MU13","1942","rce"
"154","3d Maria's tempelgang.jpg","RM26265MU14","2024","commons"
"155","https://beeldbank.cultureelerfgoed.nl/rce-mediabank/detail/1067cb73-f133-31ca-95e6-e06c8785446e/media/29de9dd4-2f31-55b1-6e0a-c2945af33945","RM26265MU14","1942","rce"
"156","4 noorderkapel.jpg","RM26265MU4","2024","commons"
"157","https://beeldbank.cultureelerfgoed.nl/rce-mediabank/detail/ce8ec697-b26d-1a6e-32da-2696b90d86b8/media/c63c08db-b860-56b7-e21b-4a31c078bc8a","RM26265MU4","1946","rce"
"158","4a geboorte van Christus.jpg","RM26265MU15","2024","commons"
"159","https://beeldbank.cultureelerfgoed.nl/rce-mediabank/detail/1f15828e-c4d9-fa44-f592-917e5e8af311/media/620426e4-ffff-76bd-4163-43e64fe51310","RM26265MU15","1942","rce"
"160","4b aanbidding der koningen.jpg","RM26265MU16","2024","commons"
"161","https://beeldbank.cultureelerfgoed.nl/rce-mediabank/detail/2b6d93e4-406e-8278-2400-74fe99e15ab7/media/74be0e28-d4d4-72b1-8c0c-5420082a6b4a","RM26265MU16","1942","rce"
"162","4c voorstelling in de tempel.jpg","RM26265MU17","2024","commons"
"163","https://beeldbank.cultureelerfgoed.nl/rce-mediabank/detail/3c6e5d7e-f85c-bdd8-2a0d-488beb09814c/media/8fc0aa4d-5634-2f25-fcfe-5d4aeacfd563","RM26265MU17","1942","rce"
"164","4d Maria Tenhemelopneming.jpg","RM26265MU18","2024","commons"
"165","https://beeldbank.cultureelerfgoed.nl/rce-mediabank/detail/708cc031-c29d-8748-4753-dcff756515d2/media/c8e5b321-999f-065d-cadc-035db287fe2f","RM26265MU18","1942","rce"
"166","5 Laatste Oordeel.jpg","RM26265MU5","2024","commons"
"167","https://beeldbank.cultureelerfgoed.nl/rce-mediabank/detail/5bf1be02-3008-a8ff-1b9c-a05a90c447fd/media/7b0e25f4-a527-a99d-fbef-6c48a22e0728","RM26265MU5",,"rce"
"168","https://beeldbank.cultureelerfgoed.nl/rce-mediabank/detail/fdfe8b85-df62-5d4d-91b0-b0348fc95c06/media/df54fd68-36bc-7721-6c3b-630b8f61f810","RM26265MU5","1946","rce"
"169","https://beeldbank.cultureelerfgoed.nl/rce-mediabank/detail/9b64b981-7dcf-74f9-8935-2c6df054b6b0/media/8d8399e9-248e-b5fc-1019-f120041f3fe2","RM26265MU5","1950","rce"
"170","5a bazuinende engel.jpg","RM26265MU35","2024","commons"
"171","https://beeldbank.cultureelerfgoed.nl/rce-mediabank/detail/d4c44c50-c490-a94a-f8bc-7a5929c6d7b0/media/f4ef814f-4f1d-6b6b-6ec2-140dd63f17d7","RM26265MU35","1953","rce"
"172","5b bazuinende engel.jpg","RM26265MU36","2024","commons"
"173","https://beeldbank.cultureelerfgoed.nl/rce-mediabank/detail/c8918591-ef30-3b39-c60c-9206bc0f2661/media/26eb4e30-9b53-5216-75c6-ccb2d9f25f2f","RM26265MU36","1953","rce"
"174","6 westelijk koortravee.jpg","RM26265MU6","2024","commons"
"175","https://beeldbank.cultureelerfgoed.nl/rce-mediabank/detail/63a4f97a-0fcb-abc4-cb22-3ea00cc91a06/media/a6472888-d84f-b53e-78c0-951b21af9e17","RM26265MU6",,"rce"
"176","https://beeldbank.cultureelerfgoed.nl/rce-mediabank/detail/2be762b5-5f6a-3eaf-2d03-2afdf94e15e7/media/4088b4ba-b8a7-2ea8-a517-5eee8cca9d02","RM26265MU6","1942","rce"
"177","6a pelikaan Petrus en Pauluskerk Loppersum.jpg","RM26265MU19","2024","commons"
"178","6b wonderbare visvangst.jpg","RM26265MU20","2024","commons"
"179","7 tweede koortravee uit het westen.jpg","RM26265MU7","2024","commons"
"180","https://beeldbank.cultureelerfgoed.nl/rce-mediabank/detail/cf1fa4bf-6e61-3269-2233-a35de9d25c7c/media/bf388477-8de1-9c60-57e1-da613cc74a3b","RM26265MU7","1946","rce"
"181","7a man van smarten.jpg","RM26265MU21","2024","commons"
"182","https://beeldbank.cultureelerfgoed.nl/rce-mediabank/detail/73833f60-e7e4-fce5-4694-a7737306035d/media/60606687-88cd-394d-ab08-dac53f076327","RM26265MU21",,"rce"
"183","7b Christus in hof van Gethsemane.jpg","RM26265MU22","2024","commons"
"184","https://beeldbank.cultureelerfgoed.nl/rce-mediabank/detail/c686243c-da2d-3bc4-929b-c01b2ae346af/media/938868f0-e1af-f253-94de-c38033a923c5","RM26265MU22","1942","rce"
"185","https://beeldbank.cultureelerfgoed.nl/rce-mediabank/detail/ec5c1908-0b70-72c9-e90b-6307d59f106a/media/d6321cd8-184a-a5df-f7f5-a735a74d4009","RM26265MU22",,"rce"
"186","7c Lam Gods.jpg","RM26265MU23","2024","commons"
"187","https://beeldbank.cultureelerfgoed.nl/rce-mediabank/detail/b5511b9c-da95-ada6-a08f-722341d5029a/media/6376b1cc-a15f-b247-592f-3f6626e9661d","RM26265MU23",,"rce"
"188","7d maaltijd te Emmaus.jpg","RM26265MU24","2024","commons"
"189","https://beeldbank.cultureelerfgoed.nl/rce-mediabank/detail/fac53707-f215-11d2-9182-5976dd4d5ffc/media/ef5b6339-4e96-2588-935a-9212308e3831","RM26265MU24","1942","rce"
"190","https://beeldbank.cultureelerfgoed.nl/rce-mediabank/detail/91686b23-27a7-189d-cd80-72a559d16b1b/media/2a53ead0-bc53-4011-6ccc-1be9a980f051","RM26265MU24",,"rce"
"191","8 derde koortravee uit het westen.jpg","RM26265MU8","2024","commons"
"192","https://beeldbank.cultureelerfgoed.nl/rce-mediabank/detail/6ae322d0-c0b1-cf72-8e61-c87e3511af9d/media/b2affcd7-d671-d0e0-6678-29c48ead8aa7","RM26265MU8","1946","rce"
"193","https://beeldbank.cultureelerfgoed.nl/rce-mediabank/detail/c719412a-ff4f-9a73-79f0-03afb9a9a6a3/media/aa9bfa98-3688-2c80-fa8b-9a3442171506","RM26265MU8",,"rce"
"194","8a luit spelende engel.jpg","RM26265MU25","2024","commons"
"195","https://beeldbank.cultureelerfgoed.nl/rce-mediabank/detail/1ce4e565-a0a7-9d1e-6686-d4d7d220cc49/media/6e50a1c2-5d79-d876-49f7-d6adbe5f6998","RM26265MU25",,"rce"
"196","8b pinksteren.jpg","RM26265MU26","2024","commons"
"197","https://beeldbank.cultureelerfgoed.nl/rce-mediabank/detail/40e7ca0c-8c7a-28b2-aac3-b6027d964ca7/media/58a408a6-b17a-2cf0-7ea2-5593721ddd99","RM26265MU26",,"rce"
"198","8c maagd met eenhoorn.jpg","RM26265MU27","2024","commons"
"199","https://beeldbank.cultureelerfgoed.nl/rce-mediabank/detail/cd4abb5f-4706-08d2-da02-cae9922b76c9/media/3bfa2a07-2b5b-dc89-5a62-bc532f3252d5","RM26265MU27",,"rce"
"200","8d ongelovige Thomas.jpg","RM26265MU28","2024","commons"
"201","https://beeldbank.cultureelerfgoed.nl/rce-mediabank/detail/bb11b5cf-8679-8bf6-4ed6-f458282e8905/media/705efadd-2f7f-2b01-b9dc-7bf9fe63a6fe","RM26265MU28",,"rce"
"202","9 koorsluiting.jpg","RM26265MU9","2024","commons"
"203","https://beeldbank.cultureelerfgoed.nl/rce-mediabank/detail/fd6b7307-df71-7d64-a5c4-67183a9c72d9/media/4f8c0fee-27e6-1f70-4610-258df69451b7","RM26265MU9","1949","rce"
"204","9a Salvator Mundi.jpg","RM26265MU29","2024","commons"
"205","https://beeldbank.cultureelerfgoed.nl/rce-mediabank/detail/02e0ae67-8c5e-bf5a-f304-053eaca6e1ee/media/3de37683-803d-7d39-6f4a-1bfabff97fd4","RM26265MU29",,"rce"
"206","https://beeldbank.cultureelerfgoed.nl/rce-mediabank/detail/895c175a-bb38-6275-b73f-8c4c12e0c1c5/media/3e37c72c-6047-9078-fba4-534586d8e0bc","RM26265MU29",,"rce"
"207","9b Gregorius de Grote.jpg","RM26265MU30","2024","commons"
"208","https://beeldbank.cultureelerfgoed.nl/rce-mediabank/detail/9bdddfad-8757-38fb-5c4e-c121e82fdd30/media/a87441f8-9f18-e197-5aac-f7a2a8199247","RM26265MU30",,"rce"
"209","9c Hiëronymus.jpg","RM26265MU31","2024","commons"
"210","https://beeldbank.cultureelerfgoed.nl/rce-mediabank/detail/526cc568-90ba-c291-721e-6f46a1a0b22b/media/e539078c-61d8-1225-81a7-9f55f73b6b3e","RM26265MU31",,"rce"
"211","https://beeldbank.cultureelerfgoed.nl/rce-mediabank/detail/1a762b61-4f96-4360-c69c-659e6e173c15/media/5266a051-b17a-0db1-1eb4-9354bef89c2c","RM26265MU31",,"rce"
"212","9d Petrus en Paulus.jpg","RM26265MU32","2024","commons"
"213","https://beeldbank.cultureelerfgoed.nl/rce-mediabank/detail/44457f8f-909c-d49b-c9ee-bd71617a25ba/media/e4dafefe-d3c3-3f54-99d2-c82e1eb37198","RM26265MU32",,"rce"
"214","https://beeldbank.cultureelerfgoed.nl/rce-mediabank/detail/2e61b079-c086-7cb9-577f-3540ad6e92f3/media/8d191366-91da-c468-1dd4-648e55709ab4","RM26265MU32",,"rce"
"215","9e Augustinus van Hippo.jpg","RM26265MU33","2024","commons"
"216","https://beeldbank.cultureelerfgoed.nl/rce-mediabank/detail/2d7f399b-3df9-0f58-a27a-804259524d1f/media/d6094e83-4971-e83c-722e-ac8829d43aea","RM26265MU33",,"rce"
"217","https://beeldbank.cultureelerfgoed.nl/rce-mediabank/detail/d6352a9b-818c-4d3f-1b04-a72df8b6cecd/media/5604b5b1-4aba-e241-0b94-9e4bbaf4b751","RM26265MU33",,"rce"
"218","9f Ambrosius van Milaan.jpg","RM26265MU34","2024","commons"
"219","https://beeldbank.cultureelerfgoed.nl/rce-mediabank/detail/3919b0bc-ca5f-bd2f-69eb-2b23cf6c3f0f/media/85db0a91-6da0-6bcb-08b5-a9c695017c67","RM26265MU34","1955","rce"
"220","10a wijdingskruis.jpg  ","RM26265MU37","2024","commons"
"221","10b wijdingskruis.jpg","RM26265MU37","2024","commons"
"222","10c wijdingskruis.jpg","RM26265MU37","2024","commons"
"223","10d wijdingskruis.jpg","RM26265MU37","2024","commons"
"224","10e wijdingskruis.jpg","RM26265MU37","2024","commons"
"225","10f wijdingskruis.jpg","RM26265MU37","2024","commons"
"226","10g wijdingskruis.jpg","RM26265MU37","2024","commons"
"227","10h wijdingskruis.jpg","RM26265MU37","2024","commons"
"228","11a wapenschild.jpg","RM26265MU38","2024","commons"
"229","11b teken.jpg","RM26265MU38","2024","commons"
"230","11c wapenschild.jpg","RM26265MU38","2024","commons"
"231","11d wapenschild.jpg","RM26265MU38","2024","commons"
"232","11e schild.jpg","RM26265MU38","2024","commons"
"233","1 wijdingskruis wirdum.jpg","RM26270MU1","2017","commons"
"234","https://beeldbank.cultureelerfgoed.nl/rce-mediabank/detail/4cfa9289-4c0d-05c6-b2c0-eeb7307d9f51/media/72eb7f2e-941f-a107-379e-a8cb5ea061fa","RM26270MU1","2007","rce"
"235","2 frietjes van driepasnissen.jpg","RM26270MU2","2017","commons"
"236","https://beeldbank.cultureelerfgoed.nl/rce-mediabank/detail/582da0df-3a5b-980d-7413-ce9bec023ac0/media/6b207f64-0b00-811a-cfc4-f28ed598bdf5","RM26270MU2","1959","rce"
"237","https://beeldbank.cultureelerfgoed.nl/rce-mediabank/detail/ee5bf2c4-d82f-497b-713a-0954f344e2d6/media/5014d26a-67ba-82a8-902f-43817172b4d7","RM26270MU2","1959","rce"
"238","https://beeldbank.cultureelerfgoed.nl/rce-mediabank/detail/f2e1690e-38d9-930c-4031-6f2ae53872f7/media/159f5acb-389f-6888-06ed-1524c529f124","RM26270MU2","1959","rce"
"239","https://beeldbank.cultureelerfgoed.nl/rce-mediabank/detail/d6cd9968-5b8b-3852-09ad-474b808a36fe/media/3a9fbfbe-d9e6-74e2-9a20-7381136f669e","RM26270MU2","2007","rce"
"240","3 Dagkant venster overzicht noord.jpg","RM26270MU3","2017","commons"
"241","3 dagkant venster overzicht zuid.jpg","RM26270MU3","2017","commons"
"242","3a maiestas domini.jpg","RM26270MU4","2017","commons"
"243","https://beeldbank.cultureelerfgoed.nl/rce-mediabank/detail/5bbb1804-d240-d32d-8173-b46aba0de874/media/1ee74d5c-e98f-4c22-a2ec-117e825071bd","RM26270MU4","1959","rce"
"244","https://beeldbank.cultureelerfgoed.nl/rce-mediabank/detail/f44af9e3-9393-55af-cdd3-4c42dc5d80f9/media/9ee3ebb7-91e7-fe6a-288c-5822cdb5e9cb","RM26270MU4","1959","rce"
"245","https://beeldbank.cultureelerfgoed.nl/rce-mediabank/detail/0f773a27-8710-4a3e-4498-01be78c6ed5c/media/9a8863d8-a1df-5f39-ef27-bd54827e617d","RM26270MU4","2007","rce"
"246","3b twee vrouwelijke heiligen rechts st Barbera.jpg","RM26270MU5","2017","commons"
"247","https://beeldbank.cultureelerfgoed.nl/rce-mediabank/detail/81aa715b-e5e7-43ac-da95-57c461d6222b/media/f862e2fb-a662-5f8a-957c-73d2ec33f907","RM26270MU5","1959","rce"
"248","https://beeldbank.cultureelerfgoed.nl/rce-mediabank/detail/7e52dd33-858a-18e6-8f29-5eedcb493a62/media/aadf6f0f-69b0-df97-1bd5-469dfb142d8b","RM26270MU5","1959","rce"
"249","3c twee vrouwelijke heiligen.jpg","RM26270MU6","2017","commons"
"250","https://beeldbank.cultureelerfgoed.nl/rce-mediabank/detail/45960ec2-46ae-6220-9d54-7620da8baa16/media/18249dd7-30dd-f90b-2166-c207b5e7851d","RM26270MU6","1959","rce"
"251","https://beeldbank.cultureelerfgoed.nl/rce-mediabank/detail/899bc136-2210-e8af-024d-91650bf21698/media/d638403a-ae75-1754-965d-b8438d1981ff","RM26270MU6","1959","rce"
"252","3d twee vrouwelijke heiligen b.jpg","RM26270MU7","2017","commons"
"253","https://beeldbank.cultureelerfgoed.nl/rce-mediabank/detail/81aa715b-e5e7-43ac-da95-57c461d6222b/media/f862e2fb-a662-5f8a-957c-73d2ec33f907","RM26270MU7","1959","rce"
"254","https://beeldbank.cultureelerfgoed.nl/rce-mediabank/detail/39c818a6-2cde-98e7-278c-a386e056ebef/media/e21d8c63-5898-83f4-4b32-a574d3e2baa1","RM26270MU7","1959","rce"
"255","https://beeldbank.cultureelerfgoed.nl/rce-mediabank/detail/5b5c49b3-2dae-9dfa-9582-9e0c1f9b3847/media/d59c49b1-96ea-831b-6a34-c5d1474e43b5","RM26270MU7","2007","rce"
"256","3e twee vrouwelijke heiligen.jpg","RM26270MU8","2017","commons"
"257","https://beeldbank.cultureelerfgoed.nl/rce-mediabank/detail/45960ec2-46ae-6220-9d54-7620da8baa16/media/18249dd7-30dd-f90b-2166-c207b5e7851d","RM26270MU8","1959","rce"
"258","https://beeldbank.cultureelerfgoed.nl/rce-mediabank/detail/935afeae-1010-9e94-cc9e-b88899944929/media/5360e24b-2984-aff7-5fe1-38831d8ab510","RM26270MU8","1959","rce"
"259","1 aankondiging voor.jpg","RM9780MU1","2013","commons"
"260","1 aankondiging na.jpg","RM9780MU1","2013","commons"
"261","https://beeldbank.cultureelerfgoed.nl/rce-mediabank/detail/c6aa625b-aea2-49f9-c83b-76872a62671f/media/52eccc20-8b59-2396-f3a9-e7e5c898c063","RM9780MU1","1991","rce"
"262","2 geboorte van christus voor.jpg","RM9780MU2","2013","commons"
"263","2 geboorte van christus na.jpg","RM9780MU2","2013","commons"
"264","https://beeldbank.cultureelerfgoed.nl/rce-mediabank/detail/31e33070-04ef-e673-2235-f52943ba422d/media/ab168be6-cbc1-e4bb-d617-7c2fda73b82c","RM9780MU2","1991","rce"
"265","3 aanbidding der koningen voor.jpg","RM9780MU3","2013","commons"
"266","3 aanbidding der koningen na.jpg","RM9780MU3","2013","commons"
"267","https://beeldbank.cultureelerfgoed.nl/rce-mediabank/detail/444e1a5f-4234-eaf4-079e-ec8cd9ba3f7e/media/f127e186-fae6-d3cd-5768-3593fb9cb9ff","RM9780MU3","1991","rce"
"268","4 dood en hemelopneming maria voor.jpg","RM9780MU4","2013","commons"
"269","4 dood en hemelopneming maria na.jpg","RM9780MU4","2013","commons"
"270","https://beeldbank.cultureelerfgoed.nl/rce-mediabank/detail/0d84618c-ea3b-d061-d0f8-149b7344d982/media/a05b5444-e84f-5a03-0ebc-0fa62e1cb208","RM9780MU4","1991","rce"
"271","5 gebed op de olijfberg voor.jpg","RM9780MU5","2013","commons"
"272","5 gebed op de olijfberg na.jpg","RM9780MU5","2013","commons"
"273","https://beeldbank.cultureelerfgoed.nl/rce-mediabank/detail/c88cde4f-530e-3c46-c445-ab6f4c017636/media/e0835365-a179-31a7-5c55-50a813747f04","RM9780MU5","1991","rce"
"274","6 christus voor pilatus voor.jpg","RM9780MU6","2013","commons"
"275","6 christus voor pilatus na.jpg","RM9780MU6","2013","commons"
"276","https://beeldbank.cultureelerfgoed.nl/rce-mediabank/detail/aad54df2-28c2-2c63-b10e-bb0f83c5ee77/media/462f7d15-d846-4aa7-dd6b-32eeeec5b9ae","RM9780MU6","1991","rce"
"277","7 kruisiging voor.jpg","RM9780MU7","2013","commons"
"278","7 kruisiging na.jpg","RM9780MU7","2013","commons"
"279","https://beeldbank.cultureelerfgoed.nl/rce-mediabank/detail/5b6d136b-b346-c43e-82d5-e7023d91765f/media/813804d7-7aba-5217-969e-999bddfd20f8","RM9780MU7","1991","rce"
"280","8 opstaande voor.jpg","RM9780MU8","2013","commons"
"281","8 opstanding na.jpg","RM9780MU8","2013","commons"
"282","https://beeldbank.cultureelerfgoed.nl/rce-mediabank/detail/73e11086-4fce-0875-429a-b9ef92d4b4d5/media/8592a667-d660-f50e-8153-26f4ab3b30fd","RM9780MU8","1991","rce"
"283","9a mattheus en marcus voor.jpg","RM9780MU9","2013","commons"
"284","9a mattheus en marcus na.jpg","RM9780MU9","2013","commons"
"285","https://beeldbank.cultureelerfgoed.nl/rce-mediabank/detail/dadcb892-eddc-020f-bfe8-504089f49419/media/78c9dae8-3cd4-df6d-c917-1288c388a7c7","RM9780MU9","1991","rce"
"286","9b lucas en johannes voor.jpg","RM9780MU10","2013","commons"
"287","9b lucas en johannes na.jpg","RM9780MU10","2013","commons"
"288","https://beeldbank.cultureelerfgoed.nl/rce-mediabank/detail/9fc25620-c02c-77e9-5c29-c5e9363f513e/media/0dd5a154-1c52-0561-7201-a346b04e52f2","RM9780MU10","1991","rce"
"289","10 grotesken en ranken voor.jpg","RM9780MU11","2013","commons"
"290","10 grotesken en ranken na.jpg","RM9780MU11","2013","commons"
"291","https://beeldbank.cultureelerfgoed.nl/rce-mediabank/detail/a9470e52-84e2-1745-5e54-4aee86bc9fb3/media/fe6268a5-bdb3-dfc9-78b2-79bc22824b46","RM9780MU11","1991","rce"
"292","11a b fabeldier voor.jpg","RM9780MU12","2013","commons"
"293","11a b fabeldier na.jpg","RM9780MU12","2013","commons"
"294","11a a fabeldier voor.jpg","RM9780MU12","2013","commons"
"295","11a a fabeldier na.jpg","RM9780MU12","2013","commons"
"296","https://beeldbank.cultureelerfgoed.nl/rce-mediabank/detail/f2ad71e3-cad0-072d-d74c-21607a2afe38/media/1673869b-67e2-4d24-7698-5b59a297a7aa","RM9780MU12","1991","rce"
"297","11b b fabeldier voor.jpg","RM9780MU13","2013","commons"
"298","11b b fabeldier na.jpg","RM9780MU13","2013","commons"
"299","11b a fabeldier voor.jpg","RM9780MU13","2013","commons"
"300","11b a fabeldier na.jpg","RM9780MU13","2013","commons"
"301","https://beeldbank.cultureelerfgoed.nl/rce-mediabank/detail/624d0b0c-ca4f-b1fb-1555-784ce8784f35/media/9621dc85-73b5-7d23-50ef-ffcc1d0c3a79","RM9780MU13","1991","rce"
"302","12 a wapenschild voor.jpg","RM9780MU14","2013","commons"
"303","12 a wapenschild na.jpg","RM9780MU14","2013","commons"
"304","https://beeldbank.cultureelerfgoed.nl/rce-mediabank/detail/75f97992-d268-e907-205c-2123a3debc92/media/c7eaac0e-4287-9426-4b7d-025eacb56bbf","RM9780MU14","1991","rce"
"305","12b wapenschilden na.jpg","RM9780MU15","2013","commons"
"306","12 b wapenschilden voor.jpg","RM9780MU15","2013","commons"
"307","https://beeldbank.cultureelerfgoed.nl/rce-mediabank/detail/b4382893-a6a9-29cb-1cdf-5feaf41f87a5/media/4fc60bc9-603f-92d5-cff5-1d5814c52db4","RM9780MU15","1991","rce"
"308","13 een kleed voor.jpg","RM9780MU16","2013","commons"
"309","13 a kleed na.jpg","RM9780MU16","2013","commons"
"310","https://beeldbank.cultureelerfgoed.nl/rce-mediabank/detail/48cc32bc-6cd0-1510-06ce-fa849a2ada92/media/736c1ca5-019a-9b1e-4da0-d11a20b800eb","RM9780MU16","1991","rce"
"311","13b geschilderd gordijn voor.jpg","RM9780MU17","2013","commons"
"312","13b geschilderd gordijn na.jpg","RM9780MU17","2013","commons"
"313","https://beeldbank.cultureelerfgoed.nl/rce-mediabank/detail/61666fad-03e8-7f56-00ea-6a6c9570bd82/media/8f7d3c7d-bbd0-9a6f-81a9-312cbe8d590e","RM9780MU18","1991","rce"
"314","14a wijdingskruis voor.jpg","RM9780MU20","2014","commons"
"315","14a wijdingskruis na.jpg","RM9780MU20","2014","commons"
"316","14b wijdingskruis voor.jpg","RM9780MU21","2014","commons"
"317","14b wijdingskruis na.jpg","RM9780MU21","2014","commons"
"318","15 tekstbanderol met ranken voor.jpg","RM9780MU22","2013","commons"
"319","15 tekstbanderol met ranken na.jpg","RM9780MU22","2013","commons"
"320","https://beeldbank.cultureelerfgoed.nl/rce-mediabank/detail/0c9ea9f4-9203-3296-83ed-bb7da4f434fa/media/32317489-fd46-e2f2-d8fc-7d131c3bc286","RM9780MU22","1991","rce"
"321","16 figuren voor.jpg","RM9780MU23","2013","commons"
"322","16 figuren na.jpg","RM9780MU23","2013","commons"
"323","https://beeldbank.cultureelerfgoed.nl/rce-mediabank/detail/495345a8-718b-81dc-c598-8d05adf1533a/media/8d313533-044d-8bca-897a-081887a485ba","RM9780MU23","1991","rce"
"324","17b rank met vismens voor.jpg","RM9780MU24","2013","commons"
"325","17b rank met vismens na.jpg","RM9780MU24","2013","commons"
"326","17a ranken met vismens voor.jpg","RM9780MU24","2013","commons"
"327","17a rank met vismens na.jpg","RM9780MU24","2013","commons"
"328","18a ranken met vazen ","RM9780MU25","2013","commons"
"329","18a rank met vazen ","RM9780MU25","2013","commons"
"330","https://beeldbank.cultureelerfgoed.nl/rce-mediabank/detail/d371c837-d495-8493-95ad-acb13355bbfb/media/9548eff3-b3c6-8859-1b46-e697987995f8","RM9780MU25","1991","rce"
"331","18b ranken met narren voor.jpg","RM9780MU26","2013","commons"
"332","18b ranken met narren na.jpg","RM9780MU26","2013","commons"
"333","https://beeldbank.cultureelerfgoed.nl/rce-mediabank/detail/7279d56f-ea2c-0065-c260-c0c73cf019bd/media/7418eb08-9e93-17df-61da-fd26d3dbfb1e","RM9780MU26","1991","rce"
"334","18c rank met figuren voor.jpg","RM9780MU27","2013","commons"
"335","18c rang met figuren na.jpg","RM9780MU27","2013","commons"
"336","https://beeldbank.cultureelerfgoed.nl/rce-mediabank/detail/2aa98b54-e418-ec12-ba18-7583194db94a/media/941d2856-9112-cbdc-da63-48e2b1e320e5","RM9780MU27","1991","rce"
"337","19 geschilderd gordijn met lambrisering na.jpg","RM9780MU28","2014","commons"
"338","19 geschilderd gordijn met lambrisering voor.jpg","RM9780MU28","2014","commons"
"339","https://beeldbank.cultureelerfgoed.nl/rce-mediabank/detail/7eb665a2-2361-8485-408c-ecae47272d81/media/2a284b6a-40b9-bbbb-2e5d-2626128d621e","RM9780MU28","1991","rce"
"340","1 uil.jpg","RM29894MU1","2021","commons"
"341","1 werktekening uil, conservatie 2021.jpg","RM29894MU1","2021","commons"
"342","2 vermoedelijk adelaar.jpg","RM29894MU2","2021","commons"
"343","2 werktekening adelaar, conservatie 2021.jpg","RM29894MU2","2021","commons"
"344","3 pelikaan, putti met wijnranken vc.jpg","RM29894MU3","2021","commons"
"345","3 pelikaan, putti met wijnranken.jpg","RM29894MU3","2021","commons"
"346","3 werktekening pelikaan, putti met wijnranken, conservatie 2021.jpg","RM29894MU3","2021","commons"
"347","4 putto op draak vc.jpg","RM29894MU4","2021","commons"
"348","4 putto op draak.jpg","RM29894MU4","2021","commons"
"349","4 werktekening putto op draak, conservatie 2021.jpg","RM29894MU4","2021","commons"
"350","5 putto met lans vc.jpg","RM29894MU5","2021","commons"
"351","5 putto met lans.jpg","RM29894MU5","2021","commons"
"352","5 werktekening putto met lans, conservatie 2021.jpg","RM29894MU5","2021","commons"
"353","6 Laatste oordeel vc.jpg","RM29894MU6","2021","commons"
"354","6 Laatste oordeel.jpg","RM29894MU6","2021","commons"
"355","https://beeldbank.cultureelerfgoed.nl/rce-mediabank/detail/b231855f-1c48-45af-89b1-46bbc64f7bed/media/9377f26e-ec85-6b0b-67ea-37ca4c2539e3","RM29894MU6","1879","rce"
"356","https://beeldbank.cultureelerfgoed.nl/rce-mediabank/detail/5a5f9e63-e24c-0e84-d401-2dcb18eaa752/media/72bc299a-039b-944d-533e-ac44fc84d393","RM29894MU6","1879","rce"
"357","https://beeldbank.cultureelerfgoed.nl/rce-mediabank/detail/01489b98-1e92-aa66-f9a1-4ab9b3ab7dc3/media/58b5857c-fd80-1172-416e-e90b1acc5fbe","RM29894MU6","1879","rce"
"358","6 Laatste oordeel hemelzijde.jpg","RM29894MU6","2021","commons"
"359","https://beeldbank.cultureelerfgoed.nl/rce-mediabank/detail/794c7fdd-c0aa-a7e5-7409-1d001dcdbb68/media/6780d610-feb3-ae78-6eb3-0d0f3b671e78","RM29894MU6","1879","rce"
"360","6 Laatste oordeel helzijde.jpg","RM29894MU6","2021","commons"
"361","6 Bazuinende engelen bij Laatste oordeel.jpg","RM29894MU6","2021","commons"
"362","6 Laatste Oordeel overzicht.jpg","RM29894MU6","2024","commons"
"363","6 werktekening Laatste Oordeel zwik hemelzijde, conservatie 2021.jpg","RM29894MU6","2021","commons"
"364","6 werktekening Laatste Oordeel, conservatie 2021.jpg","RM29894MU6","2021","commons"
"365","6 werktekening Laatste Oordeel zwik helzijde, conservatie 2021.jpg","RM29894MU6","2021","commons"
"366","7 hemelgebouw vc.jpg","RM29894MU7","2021","commons"
"367","7 hemelgebouw.jpg","RM29894MU7","2021","commons"
"368","7 hemelgebouw oostzijde.jpg","RM29894MU7","2021","commons"
"369","7 bazuinende engel hemelzijde.jpg","RM29894MU7","2021","commons"
"370","7 hemel overzicht.jpg","RM29894MU7","2024","commons"
"371","7 werktekening hemelgebouw, conservatie 2021.jpg","RM29894MU7","2021","commons"
"372","8 hel vc.jpg","RM29894MU8","2021","commons"
"373","8 hel.jpg","RM29894MU8","2021","commons"
"374","https://beeldbank.cultureelerfgoed.nl/rce-mediabank/detail/4468776b-8f61-c7a0-669a-cc5496e3b65a/media/9d91c3b8-dc5f-b57d-ac49-6706a4d4d8b8","RM29894MU8","1879","rce"
"375","https://beeldbank.cultureelerfgoed.nl/rce-mediabank/detail/82b586d5-0052-edf4-16d5-9f9872729dec/media/0cd835be-cd4d-c791-44d1-708e4571f138","RM29894MU8","1879","rce"
"376","8 hel oostzijde.jpg","RM29894MU8","2021","commons"
"377","8 hel westzijde.jpg","RM29894MU8","2021","commons"
"378","8 bazuinende engel helzijde.jpg","RM29894MU8","2021","commons"
"379","8 hel overzicht.jpg","RM29894MU8","2024","commons"
"380","8 werktekening hel, conservatie 2021.jpg","RM29894MU8","2021","commons"
"381","9 pinksteren vc.jpg","RM29894MU9","2021","commons"
"382","9 pinksteren.jpg","RM29894MU9","2022","commons"
"383","https://beeldbank.cultureelerfgoed.nl/rce-mediabank/detail/c9241571-55d5-e747-f7ca-973275e6dbf0/media/f59bf81a-ce89-0a8b-71c9-50a52f7d73be","RM29894MU9","1976","rce"
"384","9 pinksteren overzicht.jpg","RM29894MU9","2024","commons"
"385","9 werktekening pinksteren, conservatie 2021.jpg","RM29894MU9","2022","commons"
"386","10a 'liefdespaartje'.jpg","RM29894MU10","2021","commons"
"387","10a werktekening 'liefdespaartje', conservatie 2021.jpg","RM29894MU10","2021","commons"
"388","https://beeldbank.cultureelerfgoed.nl/rce-mediabank/detail/031413be-a691-c16e-eada-bf1ada8ee506/media/f5b89637-085b-045f-cc13-3a127ff1a214","RM29894MU10","1879","rce"
"389","https://beeldbank.cultureelerfgoed.nl/rce-mediabank/detail/dc1b20d8-7a42-f9dd-1610-90c56ba0c00c/media/19ad85f0-3a51-68cd-d3f2-04bf8451cdbe","RM29894MU10","1879","rce"
"390","10b 'fragment figuur met banderol en vogels'.jpg","RM29894MU14","2021","commons"
"391","10b werktekening 'fragment figuur met banderol en vogels', conservatie 2021.jpg","RM29894MU14","2021","commons"
"392","https://beeldbank.cultureelerfgoed.nl/rce-mediabank/detail/f413e4ad-7b4e-bd8f-ad04-03ed4fad745f/media/248789e7-ac78-649d-20c4-2841ffb8621b","RM29894MU14","1879","rce"
"393","10c '2 figuren in bloemrank'.jpg","RM29894MU15","2021","commons"
"394","10c werktekening '2 figuren in bloemrank', conservatie 2021.jpg","RM29894MU15","2021","commons"
"395","10d 'figuur komende uit bloemrank'.jpg","RM29894MU16","2021","commons"
"396","10d werktekening 'figuur komende uit bloemrank', conservatie 2021.jpg","RM29894MU16","2021","commons"
"397","https://beeldbank.cultureelerfgoed.nl/rce-mediabank/detail/0e73c5c8-d4fc-9bfa-3c9b-cc3fd89c2ca1/media/c0bed473-def8-9c93-ec5c-c455fa701b06","RM29894MU16","1879","rce"
"398","10e figuur met hoed vc.jpg","RM29894MU17","2021","commons"
"399","10e 'figuur met hoed'.jpg","RM29894MU17","2021","commons"
"400","10e werktekening 'figuur met hoed', conservatie 2021.jpg","RM29894MU17","2021","commons"
"401","10f nar met vrouw en vogel vc.jpg","RM29894MU18","2021","commons"
"402","10f 'nar met vrouw en vogel'.jpg","RM29894MU18","2021","commons"
"403","10e werktekening 'nar met vrouw en vogel', conservatie 2021.jpg","RM29894MU18","2021","commons"
"404","10g 'fragment tekstbanderol'.jpg","RM29894MU19","2021","commons"
"405","10f werktekening' fragment tekstbanderol', conservatie 2021.jpg","RM29894MU19","2021","commons"
"406","11 Zondeval.jpg","RM29894MU11","2022","commons"
"407","https://beeldbank.cultureelerfgoed.nl/rce-mediabank/detail/06edb2cf-dee6-79f4-ac2a-5ded7efbc02d/media/d17e71ae-4db9-4c33-1cb9-bb5ae7ce0ea7","RM29894MU11","1976","rce"
"408","11 werktekening Zondeval, conservatie 2021.jpg","RM29894MU11","2022","commons"
"409","11a bloemrank met bijschrift 'anno 1612' vc.jpg","RM29894MU20","2021","commons"
"410","11a bloemrank met bijschrift 'anno 1612'.jpg","RM29894MU20","2022","commons"
"411","11a werktekening bloemrank met bijschrift 'anno 1612', conservatie 2021.jpg","RM29894MU20","2022","commons"
"412","11b fragment bloemrank met eend in pot.jpg","RM29894MU21","2022","commons"
"413","11b werktekening fragment bloemrank met eend in een pot, conservatie 2021.jpg","RM29894MU21","2022","commons"
"414","12a ornamentschildering nc.jpg","RM29894MU12","2024","commons"
"415","12a werktekening ornamentschildering, conservatie 2021.png","RM29894MU12","2022","commons"
"416","12b Salvator Mundi nc.jpg","RM29894MU22","2024","commons"
"417","12b werktekening Salvator Mundi, conservatie 2021.png","RM29894MU22","2022","commons"
"418","12c man van smarten nc.jpg","RM29894MU23","2024","commons"
"419","12c werktekening man van smarten (?), conservatie 2021.png","RM29894MU23","2022","commons"
"420","13 commemoratieve opschriften tegen achtergrond van twee monochroom geschilderde rouwborden vc.jpg","RM29894MU13","2019","commons"
"421","13 commemoratieve opschriften tegen achtergrond van twee monochroom geschilderde rouwborden nc.jpg","RM29894MU13","2024","commons"
"422","13 werktekening commemoratieve opschriften, conservatie 2021.png","RM29894MU13","2022","commons"
"423","https://beeldbank.cultureelerfgoed.nl/rce-mediabank/detail/65cad470-1781-a122-d835-cc28e012d84d/media/f57604eb-c738-ee04-ecda-2b1cf71daf5f","RM29894MU13",,"rce"
"424","https://beeldbank.cultureelerfgoed.nl/rce-mediabank/detail/c4bb6ed2-8cb5-4d1c-b83d-67b6e9dff112/media/d717bde8-8dc9-3d30-4f69-600e2f3b4136","RM29894MU13",,"rce"
"425","https://beeldbank.cultureelerfgoed.nl/rce-mediabank/detail/2cbdbf65-8c7f-196f-98a1-b642a8c0a2ab/media/67a54275-2f51-f6d0-237b-dc2c23b52c9e","RM29894MU13",,"rce"
"426","1 Catharina van Alexandrie.jpg","RM21303MU1","2015","commons"
"427","https://beeldbank.cultureelerfgoed.nl/rce-mediabank/detail/0ee4c615-fe2f-bf51-7b1b-c999dee7a357/media/e5b4e943-ac06-9dae-2d89-01c18d8d7f40","RM21303MU1","1975","rce"
"428","https://beeldbank.cultureelerfgoed.nl/rce-mediabank/detail/1414798c-3603-71e5-631a-61f6affb16a6/media/c3665135-0f0b-7352-b755-83dd4b180c08","RM21303MU1","1975","rce"
"429","https://beeldbank.cultureelerfgoed.nl/rce-mediabank/detail/5904f8b6-8e2a-3b1c-62a7-166928bcc5d8/media/142df627-900a-fb22-b665-20af7ee11ba3","RM21303MU1","1986","rce"
"430","2 koorsluiting.jpg","RM21303MU2","2015","commons"
"431","https://beeldbank.cultureelerfgoed.nl/rce-mediabank/detail/1c072e57-c91f-6bae-cd55-24b054a02f10/media/0042a816-7558-46ca-cc9f-507a9219e676","RM21303MU2","1975","rce"
"432","https://beeldbank.cultureelerfgoed.nl/rce-mediabank/detail/16ce39a6-a427-bfb6-dfba-087cea345658/media/635f8b0b-3bb1-7703-a188-160b14eb31cc","RM21303MU2","1986","rce"
"433","2a laatste oordeel gereduceerd tot christusfiguur.jpg","RM21303MU3","2015","commons"
"434","https://beeldbank.cultureelerfgoed.nl/rce-mediabank/detail/df945f97-c2bb-0ead-fc08-4187abb392fa/media/70d61016-f945-955a-670e-bee246931f07","RM21303MU3","1975","rce"
"435","https://beeldbank.cultureelerfgoed.nl/rce-mediabank/detail/89099985-a1d9-a6c8-75ae-ea486bc46403/media/99997364-54ce-a473-0026-73e00b61d4c9","RM21303MU3","1986","rce"
"436","2b engel met gebogen bazuin noord.jpg","RM21303MU4","2015","commons"
"437","2b engel met lange bazuin oost.jpg","RM21303MU4","2015","commons"
"438","https://beeldbank.cultureelerfgoed.nl/rce-mediabank/detail/60a6d6aa-3115-f5a5-1af0-711f5e547888/media/73dcda15-869c-9f31-6857-3705a1671da0","RM21303MU4","1986","rce"
"439","https://beeldbank.cultureelerfgoed.nl/rce-mediabank/detail/8bd29299-fce4-0c5b-4de1-07f348a917cd/media/1c7bf95c-d652-c4eb-8836-d555b6fab3f9","RM21303MU4","1986","rce"
"440","2c pelikaan met 3 jongen.jpg","RM21303MU5","2015","commons"
"441","https://beeldbank.cultureelerfgoed.nl/rce-mediabank/detail/a63c3952-e1cb-b191-c44d-5e4c55609d95/media/efed445c-9654-3635-86a8-43734c7d2032","RM21303MU5","1975","rce"
"442","https://beeldbank.cultureelerfgoed.nl/rce-mediabank/detail/41921fff-2b83-c15c-ba93-8fbf4673fb59/media/585c765d-891b-619f-4a2c-ea6a1623f4c4","RM21303MU5","1986","rce"
"443","2d engel met harp noord.jpg","RM21303MU6","2015","commons"
"444","2d engel met luit zuid.jpg","RM21303MU6","2015","commons"
"445","https://beeldbank.cultureelerfgoed.nl/rce-mediabank/detail/21c9bd2b-4bdc-288a-b9ab-2ae45eb2934a/media/ea1e8ac5-3872-349d-41b7-51d8c96ca354","RM21303MU6","1975","rce"
"446","https://beeldbank.cultureelerfgoed.nl/rce-mediabank/detail/760ac492-05a0-0a16-9475-e5669ebf4e57/media/40bfdfc8-ea93-29d2-93ad-fa5012759fdc","RM21303MU6","1986","rce"
"447","https://beeldbank.cultureelerfgoed.nl/rce-mediabank/detail/437a1adc-fd0b-0900-2de3-7220ef155253/media/9b27c164-6fda-057e-2520-003b8bd59bba","RM21303MU6","1986","rce"
"448","2e rankwerk rond sluitsteen.jpg","RM21303MU7","2015","commons"
"449","3 koor naar het oosten.jpg","RM21303MU8","2015","commons"
"450","3 koor naar het westen.jpg","RM21303MU8","2015","commons"
"451","3a adam en eva en rankfragment.jpg","RM21303MU9","2015","commons"
"452","3a Adam en Eva met slang.jpg","RM21303MU9","2015","commons"
"453","https://beeldbank.cultureelerfgoed.nl/rce-mediabank/detail/860bf54b-c925-6bba-98a9-fee644ccb250/media/4a157d1b-5d11-196c-ba87-9f3da6d28bfb","RM21303MU9","1975","rce"
"454","https://beeldbank.cultureelerfgoed.nl/rce-mediabank/detail/8cf5b5ea-9ad2-3a7c-1b00-6174d29ba649/media/2dcfa913-ca05-2084-d8d6-6fb6e7b70de5","RM21303MU9","1975","rce"
"455","https://beeldbank.cultureelerfgoed.nl/rce-mediabank/detail/f9deced0-3c79-d63f-bcc2-5f935835636d/media/9c08fe60-fe88-8897-d1d3-21254c98fc26","RM21303MU9","1975","rce"
"456","https://beeldbank.cultureelerfgoed.nl/rce-mediabank/detail/8874bb65-0ba7-3907-8835-6d4325360f6c/media/4ba1450b-64c0-4feb-4312-f795eff6f610","RM21303MU9","1986","rce"
"457","3b Noach, hakkend met winkelhaak en anker.jpg","RM21303MU10","2015","commons"
"458","3b Noach, hakkend met winkelhaak en anker vc.jpg","RM21303MU10","2015","commons"
"459","https://beeldbank.cultureelerfgoed.nl/rce-mediabank/detail/d78d7e39-edbf-5c05-a4fb-a13525645545/media/9b68d4e7-a9c3-3ae5-436b-c2e7e0ac6d55","RM21303MU10","1975","rce"
"460","https://beeldbank.cultureelerfgoed.nl/rce-mediabank/detail/58fc58d5-6e47-7acb-b6b9-ae31b51915f2/media/0d164dd7-c442-0c40-0e89-03f5f303b9e0","RM21303MU10","1986","rce"
"461","3c Jacobus, Hermogenes variant.jpg","RM21303MU11","2015","commons"
"462","https://beeldbank.cultureelerfgoed.nl/rce-mediabank/detail/1d9f77c0-f214-3291-528c-c6f86d5f9345/media/194e076e-c9c3-2985-7bd3-1651ee1ce46e","RM21303MU11","1975","rce"
"463","3d springend hert met hond.jpg","RM21303MU12","2015","commons"
"464","https://beeldbank.cultureelerfgoed.nl/rce-mediabank/detail/7b7b2abf-e6c3-1806-3d78-6115f4385c80/media/97068d57-15f8-a59d-34e9-b83d1732543a","RM21303MU12","1975","rce"
"465","https://beeldbank.cultureelerfgoed.nl/rce-mediabank/detail/8ab8e6cb-9f69-ed40-68a1-045251c2008c/media/bf3eab7d-1f1e-fb5f-1ed5-cc22bfb3b660","RM21303MU12","1986","rce"
"466","3e kroon oost.jpg","RM21303MU13","2015","commons"
"467","3e kroon west.jpg","RM21303MU13","2015","commons"
"468","https://beeldbank.cultureelerfgoed.nl/rce-mediabank/detail/173fc5e5-447b-339a-b8be-8f527c9406b7/media/b7cfe26c-99a1-0f24-9aea-bd7fbc2ac0ea","RM21303MU13","1975","rce"
"469","nog fotograferen?","RM21303MU14",,
"470","3g mannetje met opengesperde mond.jpg","RM21303MU15","2015","commons"
"471","4 rankwerk in geboorte gewelf noord.jpg","RM21303MU16","2015","commons"
"472","4 rankwerk in geboorte gewelf zuid.jpg","RM21303MU16","2015","commons"
"473","5 vlechtwerkverbanden ca 1250.jpg","RM21303MU17","2015","commons"
"474","1 Centaur.jpg","RM29897MU1","2024","commons"
"475","1 Centaur nc.jpg","RM29897MU1","2024","commons"
"476","https://beeldbank.cultureelerfgoed.nl/rce-mediabank/detail/62adac43-5b5c-2110-b8d8-407f8ee1fe89/media/7b93b9cd-878c-81c5-1910-f678adfdcd9e","RM29897MU1","1961","rce"
"477","2 Griffioen.jpg","RM29897MU2","2024","commons"
"478","2 Griffioen nc.jpg","RM29897MU2","2024","commons"
"479","https://beeldbank.cultureelerfgoed.nl/rce-mediabank/detail/d9bb7ad8-aa45-fc13-f274-0528a0728892/media/bec38962-67e3-1392-d208-19ef885be3ae","RM29897MU2","1961","rce"
"480","3 Christus.jpg","RM29897MU3","2024","commons"
"481","3 Christus nc.jpg","RM29897MU3","2024","commons"
"482","https://beeldbank.cultureelerfgoed.nl/rce-mediabank/detail/e491bfef-bf15-b98c-32cb-f8399a978e71/media/d2660a8e-d53a-a5ea-d5e0-470b38a4e5a9","RM29897MU3","1961","rce"
"483","4a Laatste Oordeel, Hemelgebouw met Petrus.jpg","RM29897MU4","2024","commons"
"484","4a Hemelgebouw met Petrus nc.jpg","RM29897MU4","2024","commons"
"485","https://beeldbank.cultureelerfgoed.nl/rce-mediabank/detail/26b035e8-4072-d557-ebad-d06cd88f7fa4/media/2b29edf1-beed-f4e8-ca18-b02bb2d6dec9","RM29897MU4","1961","rce"
"486","https://beeldbank.cultureelerfgoed.nl/rce-mediabank/detail/873c6a1c-9570-247b-8f86-e86a5ce04591/media/58249874-4864-31f2-baf6-bd3ff93105c4","RM29897MU4","1961","rce"
"487","https://beeldbank.cultureelerfgoed.nl/rce-mediabank/detail/fa3cc343-a655-2e9d-1b99-528764e6ab97/media/135dfa95-de1f-c337-be0d-87de686d228c","RM29897MU4","1964","rce"
"488","4b Laatste Oordeel, Christus al rechter.jpg","RM29897MU7","2024","commons"
"489","4b Laatste Oordeel, Christus als rechter nc.jpg","RM29897MU7","2024","commons"
"490","https://beeldbank.cultureelerfgoed.nl/rce-mediabank/detail/9d076e01-d08e-d7a5-ac0e-c2f12354ecf4/media/066d9d96-08b5-f851-1610-6db1cf349aca","RM29897MU7","1961","rce"
"491","https://beeldbank.cultureelerfgoed.nl/rce-mediabank/detail/549b5296-e9f6-2c8c-1d1c-c51b43607bd9/media/62d31dfd-9ab1-2f11-a9e0-3e08fe20c5d0","RM29897MU7","1961","rce"
"492","https://beeldbank.cultureelerfgoed.nl/rce-mediabank/detail/13cc0ef4-b6ae-3f28-519a-ea9c3b4c0b93/media/386a4143-4f12-a521-619f-1a89af27bafe","RM29897MU7","1961","rce"
"493","https://beeldbank.cultureelerfgoed.nl/rce-mediabank/detail/fa3cc343-a655-2e9d-1b99-528764e6ab97/media/135dfa95-de1f-c337-be0d-87de686d228c","RM29897MU7","1964","rce"
"494","4c Laatste Oordeel, Hellemuil.jpg","RM29897MU8","2024","commons"
"495","4c Hellemuil nc.jpg","RM29897MU8","2024","commons"
"496","https://beeldbank.cultureelerfgoed.nl/rce-mediabank/detail/26b035e8-4072-d557-ebad-d06cd88f7fa4/media/2b29edf1-beed-f4e8-ca18-b02bb2d6dec9","RM29897MU8","1961","rce"
"497","https://beeldbank.cultureelerfgoed.nl/rce-mediabank/detail/1d9aad2d-ff2d-a9ce-8c43-07b9dcb69c5f/media/08bdb51a-ed47-11c3-0bbd-74e43ec76517","RM29897MU8","1961","rce"
"498","https://beeldbank.cultureelerfgoed.nl/rce-mediabank/detail/fa3cc343-a655-2e9d-1b99-528764e6ab97/media/135dfa95-de1f-c337-be0d-87de686d228c","RM29897MU8","1964","rce"
"499","4d Dorothea.jpg","RM29897MU9","2024","commons"
"500","4d Dorothea nc.jpg","RM29897MU9","2024","commons"
"501","https://beeldbank.cultureelerfgoed.nl/rce-mediabank/detail/9d076e01-d08e-d7a5-ac0e-c2f12354ecf4/media/066d9d96-08b5-f851-1610-6db1cf349aca","RM29897MU9","1961","rce"
"502","https://beeldbank.cultureelerfgoed.nl/rce-mediabank/detail/fa3cc343-a655-2e9d-1b99-528764e6ab97/media/135dfa95-de1f-c337-be0d-87de686d228c","RM29897MU9","1964","rce"
"503","5a Fragment Johannes.jpg","RM29897MU5","2024","commons"
"504","5a Fragmenten Johannes nc.jpg","RM29897MU5","2024","commons"
"505","https://beeldbank.cultureelerfgoed.nl/rce-mediabank/detail/01c13561-2701-ddcf-36c5-5bdd1897feb8/media/2c667336-c42c-9481-6fc2-2d5299c769a0","RM29897MU5","1961","rce"
"506","5b Fragmenten tekst en engel.jpg","RM29897MU10","2024","commons"
"507","5b Fragmenten tekst en gevleugeld gehoornd figuur nc.jpg","RM29897MU10","2024","commons"
"508","https://beeldbank.cultureelerfgoed.nl/rce-mediabank/detail/36229672-e0d3-bf3a-fe9b-d24cd593eb60/media/dc677353-5a18-6ec3-d366-b219fb2ca927","RM29897MU10","1961","rce"
"509","6 Eenhoorn.jpg","RM29897MU6","2024","commons"
"510","6 Eenhoorn nc.jpg","RM29897MU6","2024","commons"
"511","https://beeldbank.cultureelerfgoed.nl/rce-mediabank/detail/13cc0ef4-b6ae-3f28-519a-ea9c3b4c0b93/media/386a4143-4f12-a521-619f-1a89af27bafe","RM29897MU6","1961","rce"
"512","https://beeldbank.cultureelerfgoed.nl/rce-mediabank/detail/cbdd05f0-feb4-0f5e-600c-f76d73211b78/media/9c03e662-586a-9934-fe0b-d5dbd1e47631","RM29897MU6","1964","rce"
"513","7 vier figuren met baard.jpg","RM29897MU11","2024","commons"
"514","https://beeldbank.cultureelerfgoed.nl/rce-mediabank/detail/56f62a67-3846-0ad5-ffbf-8ef9ccb973c3/media/7435d5c2-b9d5-5a97-d43c-2726eec1ddd7","RM29897MU11","1961","rce"
"515","1a heilige met banderol.jpg","RM31612MU1","2021","commons"
"516","https://beeldbank.cultureelerfgoed.nl/rce-mediabank/detail/dafa00ab-ae08-4ce7-bce6-393e43a6bc64/media/dccf2864-56ea-1c05-a570-456e7c0bc250","RM31612MU1","1976","rce"
"517","1b Petrus.jpg","RM31612MU2","2021","commons"
"518","https://beeldbank.cultureelerfgoed.nl/rce-mediabank/detail/93500cb7-2995-20af-0d2e-941c005e529a/media/38b65b0e-99ce-2f3a-03c2-959d811023f4","RM31612MU2","1976","rce"
"519","2b maskertjes op kapitelen.jpg","RM31612MU4","2021","commons"
"520","2c muurpotten met wijnranken.jpg","RM31612MU5","2021","commons"
"521","2d mann heilige en vrouwel heilige met toren wrs barbera.jpg","RM31612MU6","2021","commons"
"522","https://beeldbank.cultureelerfgoed.nl/rce-mediabank/detail/ea9b5dbf-97ea-3a61-f1d0-ae6ad1272e47/media/da2b8916-9e8c-315d-744e-3d3d7d6fc7f6","RM31612MU6","1976","rce"
"523","3b mannetje met boog.jpg","RM31612MU8","2021","commons"
"524","https://beeldbank.cultureelerfgoed.nl/rce-mediabank/detail/9d17726f-7978-4565-ac4a-72a5018e4320/media/2724d116-f68b-cc56-7b0a-d596fe826e5e","RM31612MU8","1976","rce"
"525","3b maskertjes noord.jpg","RM31612MU10","2021","commons"
"526","https://beeldbank.cultureelerfgoed.nl/rce-mediabank/detail/2afd791f-4a04-650f-afad-00f28f338bcd/media/76a0c837-6565-be67-c39b-621aad8ef72d","RM31612MU10","1976","rce"
"527","3d maskertjes met decoratieve motieven zuid.jpg","RM31612MU10","2021","commons"
"528","4a wonderbare visvangst.jpg","RM31612MU11","2021","commons"
"529","4b Kroning van Maria.jpg","RM31612MU12","2021","commons"
"530","4c kopje, heilige.jpg","RM31612MU13","2021","commons"
"531","5a Haas en Sirene.jpg","RM31612MU14","2021","commons"
"532","https://beeldbank.cultureelerfgoed.nl/rce-mediabank/detail/4b8baceb-d8db-a658-d0cc-0a071be0b9e6/media/d1c2d15c-cb95-06e4-189b-8cda46f2e318","RM31612MU14","1976","rce"
"533","5b Christophorus.jpg","RM31612MU15","2021","commons"
"534","https://beeldbank.cultureelerfgoed.nl/rce-mediabank/detail/08debf33-b2f0-94c1-e7de-ef82837ee74f/media/1b9c509f-ba6f-153c-7a8f-4af31efa8b71","RM31612MU15","1976","commons"
"535","6a engel mattheus.jpg","RM31612MU16","2021","commons"
"536","https://beeldbank.cultureelerfgoed.nl/rce-mediabank/detail/9a7400b2-1b15-49b3-e581-17bbd8696dda/media/0b021917-ac52-b13b-51a1-ade352c057d5","RM31612MU16","1976","rce"
"537","6b decoratieve band fecit de norda.jpg","RM31612MU17","2021","commons"
"538","7 gevleugelde draak.jpg","RM31612MU18","2021","commons"
"539","8 panter.jpg","RM31612MU19","2021","commons"
"540","9a zondeval.jpg","RM31612MU20","2021","commons"
"541","https://beeldbank.cultureelerfgoed.nl/rce-mediabank/detail/95b4852a-1abc-8d04-0590-4d2490448b67/media/a574cfae-9fc2-b40c-c540-c0e1f69a07bc","RM31612MU20","1976","rce"
"542","9b doop in de jordaan met duif.jpg","RM31612MU21","2021","commons"
"543","https://beeldbank.cultureelerfgoed.nl/rce-mediabank/detail/95b4852a-1abc-8d04-0590-4d2490448b67/media/a574cfae-9fc2-b40c-c540-c0e1f69a07bc","RM31612MU21","1976","rce"
"544","10a christophoruslegende.jpg","RM31612MU22","2021","commons"
"545","https://beeldbank.cultureelerfgoed.nl/rce-mediabank/detail/e936af91-4c5e-5bf6-482a-8c8263046092/media/f28e7837-bfa9-9138-c854-24fac4528831","RM31612MU22","1976","rce"
"546","10b heilige bisschop.jpg","RM31612MU23","2021","commons"
"547","11 evangelisten symbolen met naam in banderol.jpg","RM31612MU24","2021","commons"
"548","https://beeldbank.cultureelerfgoed.nl/rce-mediabank/detail/8f43b88a-e314-7e89-d9a9-2565d4010f1f/media/9e944b4d-611c-df22-c00b-f3b9967c501e","RM31612MU24","1976","rce"
"549","12a laatste oordeel.jpg","RM31612MU25","2021","commons"
"550","https://beeldbank.cultureelerfgoed.nl/rce-mediabank/detail/ace2552b-4312-af1c-8133-99d071e5ad9b/media/0330a627-db34-7697-598d-212e7e77190b","RM31612MU25","1930","rce"
"551","https://beeldbank.cultureelerfgoed.nl/rce-mediabank/detail/8fa47f02-bbd3-42d4-f4ee-7fc5bbb324cf/media/767ef8b6-a5ca-ff58-4f1f-cc0d6d6e01bb","RM31612MU25","1934","rce"
"552","https://beeldbank.cultureelerfgoed.nl/rce-mediabank/detail/853e364a-e363-cf56-f141-33583d5c35ee/media/a781e318-eebd-cd18-00bd-2cc3df3e4f04","RM31612MU25","1976","rce"
"553","https://beeldbank.cultureelerfgoed.nl/rce-mediabank/detail/f8ff75cd-72b8-90e6-f74c-f55f8cf18fc0/media/a7f67b57-18c9-d9d7-6446-c6890a167cc1","RM31612MU25","1976","rce"
"554","12b bisschop met knielende figuur.jpg","RM31612MU26","2021","commons"
"555","https://beeldbank.cultureelerfgoed.nl/rce-mediabank/detail/d23c8126-b482-0810-a582-c6afcabcc07b/media/0930518c-fa44-699e-b8f2-702512a9125a","RM31612MU26","1976","rce"
"556","12c Maria met kind.jpg","RM31612MU27","2021","commons"
"557","13 Jezus man van smarten.jpg","RM31612MU28","2021","commons"
"558","https://beeldbank.cultureelerfgoed.nl/rce-mediabank/detail/e5836a5c-67a9-cced-9a8c-8247f6cd2d5b/media/b0ceba75-3701-9f61-7b97-951c621fb395","RM31612MU28","1976","rce"
"559","14 draak van Margaretha.jpg","RM31612MU29","2021","commons"
"560","https://beeldbank.cultureelerfgoed.nl/rce-mediabank/detail/199ec3be-4f0c-5a2e-1021-09fd2ecb3d7e/media/13aa1fa8-71c5-30f6-2874-cd567f0895cb","RM31612MU29","1976","rce"
"561","15 zwarte rolwerkachtige verminderd.jpg","RM31612MU30","2021","commons"
"562","16 tekst anno 1599.jpg","RM31612MU31","2021","commons"
"563","https://beeldbank.cultureelerfgoed.nl/rce-mediabank/detail/9d17726f-7978-4565-ac4a-72a5018e4320/media/2724d116-f68b-cc56-7b0a-d596fe826e5e","RM31612MU31","1976","rce"
"564","17 bovendeel geschilderd gordijn.jpg","RM31612MU32","2021","commons"
"565","1 Lelies en kruis in sluitring.jpg","RM34513MU1","2024","commons"
"566","https://beeldbank.cultureelerfgoed.nl/rce-mediabank/detail/e1a0b7f1-37fa-a263-9a16-ff73c66890ff/media/f6b19c03-fb52-5559-40f7-51ae05783103","RM34513MU1","1934","rce"
"567","1a Drie, vier, vijf en zespassen.jpg","RM34513MU11","2024","commons"
"568","https://beeldbank.cultureelerfgoed.nl/rce-mediabank/detail/88379b59-41fb-7e47-07ce-0ed2a1f25648/media/0543e60a-30f0-da67-b579-f0fe207fd47a","RM34513MU11","1978","rce"
"569","https://beeldbank.cultureelerfgoed.nl/rce-mediabank/detail/fd7ff7de-e7d8-f4fd-809d-62f66432fd46/media/f944a275-cd4e-854c-9398-b3fd4d83b37b","RM34513MU11","1978","rce"
"570","2 Acantus-motieven in sluitring.jpg","RM34513MU2","2024","commons"
"571","https://beeldbank.cultureelerfgoed.nl/rce-mediabank/detail/3ae8ca22-70ee-8882-8014-d968992b1365/media/2ad1e07a-76ad-3898-854c-74e8ea338494","RM34513MU2","1978","rce"
"572","https://beeldbank.cultureelerfgoed.nl/rce-mediabank/detail/216618c9-4629-a024-5305-291495c98dbb/media/c3902bd4-63a6-20f6-e8dc-f40a2919f003","RM34513MU2","1978","rce"
"573","3 Johannes de Doper.jpg","RM34513MU3","2024","commons"
"574","https://beeldbank.cultureelerfgoed.nl/rce-mediabank/detail/11dce55f-ee46-dab3-7842-6902494f7b6e/media/91b84c86-19d6-ac88-ef9d-d245a1951b21","RM34513MU3",,"rce"
"575","https://beeldbank.cultureelerfgoed.nl/rce-mediabank/detail/1f49d475-e202-4cb9-7ce7-2d68ffb26b66/media/f89a5a08-1bec-96f9-e941-4b948ff8973e","RM34513MU3","1978","rce"
"576","4 Laurentius.jpg","RM34513MU4","2024","commons"
"577","https://beeldbank.cultureelerfgoed.nl/rce-mediabank/detail/11dce55f-ee46-dab3-7842-6902494f7b6e/media/91b84c86-19d6-ac88-ef9d-d245a1951b21","RM34513MU4",,"rce"
"578","https://beeldbank.cultureelerfgoed.nl/rce-mediabank/detail/1f49d475-e202-4cb9-7ce7-2d68ffb26b66/media/f89a5a08-1bec-96f9-e941-4b948ff8973e","RM34513MU4","1978","rce"
"579","5 Dorothea.jpg","RM34513MU5","2024","commons"
"580","https://beeldbank.cultureelerfgoed.nl/rce-mediabank/detail/92fbb5c5-008f-91c0-54d3-5d648e4acbbb/media/2b56681b-3130-6e58-5d14-146ea31a19b3","RM34513MU5",,"rce"
"581","https://beeldbank.cultureelerfgoed.nl/rce-mediabank/detail/b31cdb32-36f8-520f-d522-1f649530fc07/media/677b61af-2752-0a6e-bb5d-669d6c00165e","RM34513MU5","1978","rce"
"582","6 Barbara.jpg","RM34513MU6","2024","commons"
"583","https://beeldbank.cultureelerfgoed.nl/rce-mediabank/detail/92fbb5c5-008f-91c0-54d3-5d648e4acbbb/media/2b56681b-3130-6e58-5d14-146ea31a19b3","RM34513MU6",,"rce"
"584","https://beeldbank.cultureelerfgoed.nl/rce-mediabank/detail/b31cdb32-36f8-520f-d522-1f649530fc07/media/677b61af-2752-0a6e-bb5d-669d6c00165e","RM34513MU6","1978","rce"
"585","7 Fragment Adam van Zondeval.jpg","RM34513MU7","2024","commons"
"586","https://beeldbank.cultureelerfgoed.nl/rce-mediabank/detail/dbdc6afa-e71b-98f5-89d2-45850db16507/media/1a452ee2-9ba9-ab0c-1ac3-cdd2c2776c2a","RM34513MU7","1978","rce"
"587","8 Laatste Oordeel.jpg","RM34513MU8","2024","commons"
"588","https://beeldbank.cultureelerfgoed.nl/rce-mediabank/detail/ad48fcc2-6549-8f88-c163-af89bbc3efdc/media/d674fe45-a600-bdc3-0104-8208859bbb25","RM34513MU8","1978","rce"
"589","https://beeldbank.cultureelerfgoed.nl/rce-mediabank/detail/8b8b2633-c327-32c7-c75a-7309202dd818/media/e6e12227-94a3-ba6c-2a4b-02024f0641db","RM34513MU8","1978","rce"
"590","https://beeldbank.cultureelerfgoed.nl/rce-mediabank/detail/9b5d3b98-4aa2-072c-57d1-fdb2ce29233e/media/e6f04824-9a6f-d88f-0cfa-d7bb1e682424","RM34513MU8","1978","rce"
"591","https://beeldbank.cultureelerfgoed.nl/rce-mediabank/detail/11d211f2-3ac3-632c-c670-efaa8ea3d8bb/media/d63435bf-4146-b4d4-ecf5-d2b6a764714d","RM34513MU8","1978","rce"
"592","9 Gotische architectuur.jpg","RM34513MU9","2024","commons"
"593","9 Gotische architectuur (bovenzijde).jpg","RM34513MU9","2024","commons"
"594","https://beeldbank.cultureelerfgoed.nl/rce-mediabank/detail/5d5bf765-800f-9b68-2e34-008f210dacb8/media/db4ffc43-8ad5-0b43-a902-19aa7dba1e39","RM34513MU9","1978","rce"
"595","10 Cartouche.jpg","RM34513MU10","2024","commons"
"596","https://beeldbank.cultureelerfgoed.nl/rce-mediabank/detail/ad48fcc2-6549-8f88-c163-af89bbc3efdc/media/d674fe45-a600-bdc3-0104-8208859bbb25","RM34513MU10","1978","rce"
"597","https://beeldbank.cultureelerfgoed.nl/rce-mediabank/detail/8b8b2633-c327-32c7-c75a-7309202dd818/media/e6e12227-94a3-ba6c-2a4b-02024f0641db","RM34513MU10","1978","rce"
"598","https://beeldbank.cultureelerfgoed.nl/rce-mediabank/detail/c09630c1-f8d3-5b6d-9265-dfbe72f30105/media/a1c84731-311d-3096-ba53-4c160c7113e0","RM9479MU1","1972","rce"
"599","https://beeldbank.cultureelerfgoed.nl/rce-mediabank/detail/97f9c0a7-d6fd-c3eb-b0ca-0c2f22729ba0/media/56a87b99-4087-6237-456b-a7a448f86b93","RM9479MU1","1972","rce"
"600","https://beeldbank.cultureelerfgoed.nl/rce-mediabank/detail/ecb90125-ab8d-e01e-003a-fc7bcbc26dba/media/46d18f88-4dc3-6533-296b-f3b840f7d522","RM9479MU1","1972","rce"
"601","https://beeldbank.cultureelerfgoed.nl/rce-mediabank/detail/e855ed48-5ec4-f113-142e-e801d5e1282d/media/e445077e-894f-a1b7-f07b-9276516a7e17","RM9479MU1","1972","rce"
"602","https://beeldbank.cultureelerfgoed.nl/rce-mediabank/detail/590973b2-5f07-a675-e966-a96b5b09e723/media/73bb5bc2-251a-b185-6a29-7436e0dda063","RM9479MU1","1969","rce"
"603","https://beeldbank.cultureelerfgoed.nl/rce-mediabank/detail/db4c3265-5ec2-068c-15f1-4e7f73da724a/media/fa204b25-ed42-2c0f-4bcf-13a950de6508","RM9479MU1","2010","rce"
"604","1 architectuurpolychromie gewelf midden.jpg","RM9479MU1","2024","commons"
"605","1 architectuurpolychromie gewelf oost.jpg","RM9479MU1","2024","commons"
"606","1 detail vlechtwerkpatroon.jpg","RM9479MU1","2024","commons"
"607","https://beeldbank.cultureelerfgoed.nl/rce-mediabank/detail/c470fd5f-b814-12f6-15c4-43a93728dabd/media/c9b51f25-7614-d45d-107d-7dc188ab48d8","RM9479MU2","1972","rce"
"608","2 band met ranken overzicht.jpg","RM9479MU2","2024","commons"
"609","2 band met ranken.jpg","RM9479MU2","2024","commons"
"610","https://beeldbank.cultureelerfgoed.nl/rce-mediabank/detail/6f984d4e-5af0-0f43-ad92-4bf2e9c1a439/media/1036c503-e2e7-2404-603a-64ab031eb956","RM9479MU3","1969","rce"
"611","3 rankwerk.jpg","RM9479MU3","2024","commons"
"612","https://beeldbank.cultureelerfgoed.nl/rce-mediabank/detail/a454ea7c-99e2-5882-b5b1-eb7f9b234b39/media/97ed6ef9-56cc-db79-031d-492f36c25f9f","RM9479MU4","1969","rce"
"613","4 wapenschild met troffel winkelhaak hamer en bijl.jpg","RM9479MU4","2024","commons"
"614","https://beeldbank.cultureelerfgoed.nl/rce-mediabank/detail/1886f351-d136-7218-ddc0-7dd25c5a4fe9/media/d295141f-8809-63fe-8cf0-da12002d781f","RM9479MU5","1972","rce"
"615","5 rankwerk torengewelf.jpg","RM9479MU5","2024","commons"
"616","https://beeldbank.cultureelerfgoed.nl/rce-mediabank/detail/ceb0c391-eef0-2319-4260-6fd0ea7207d0/media/381e7680-38fa-9dd7-f538-7677e026ffdc","RM40306MU1","1963","rce"
"617","https://beeldbank.cultureelerfgoed.nl/rce-mediabank/detail/034cf942-3aa6-7178-7bd7-5072d492206f/media/ffbacc40-ce6a-8c02-56e6-7ff6e9bc4adb","RM40306MU1","1963","rce"
"618","1 baksteenimitatie a.jpg","RM40306MU1","2024","commons"
"619","1 baksteenimitatie b.jpg","RM40306MU1","2024","commons"
"620","1 baksteenimitatie c.jpg","RM40306MU1","2024","commons"
"621","https://beeldbank.cultureelerfgoed.nl/rce-mediabank/detail/b861949d-80fb-dfaf-7c19-26fedbae5f6f/media/41a9c44f-547c-49f7-7f99-6081412e34e0","RM40306MU2","1963","rce"
"622","https://beeldbank.cultureelerfgoed.nl/rce-mediabank/detail/667e9eff-aa62-5955-4588-caf1b633d4c2/media/431fa824-8191-694a-e2e7-3a51f9c9e8d1","RM40306MU2","1960","rce"
"623","2 bloemranken 1525 koor a.jpg","RM40306MU2","2024","commons"
"624","2 bloemranken 1525 koor detail.jpg","RM40306MU2","2024","commons"
"625","2 restant bloemrank 1525 schip.jpg","RM40306MU2","2024","commons"
"626","2 bloemranken 1525 overzicht.jpg","RM40306MU2","2024","commons"
"627","https://beeldbank.cultureelerfgoed.nl/rce-mediabank/detail/5836a6e4-0620-2dde-38dc-96f35b0570e3/media/fa750111-159a-cab9-a7cf-6b448b4211d4","RM40306MU3","1963","rce"
"628","https://beeldbank.cultureelerfgoed.nl/rce-mediabank/detail/9fd43e24-97b3-c9f3-f141-0ec6b2b97f71/media/07e6e959-db8c-c083-3a21-1c194e08f12b","RM40306MU3","1963","rce"
"629","https://beeldbank.cultureelerfgoed.nl/rce-mediabank/detail/35eaaf89-6aa5-42c9-43c3-1672b77072b5/media/94f8ec5b-2c9a-041b-a220-d595712b3934","RM40306MU3","1963","rce"
"630","https://beeldbank.cultureelerfgoed.nl/rce-mediabank/detail/d662d503-6c05-9b85-aa96-2d015f845291/media/5a5c8037-a1f6-1d27-c4ad-1fffac1c2683","RM40306MU3","1963",
"631","3 afwerkperiode 1575 gestippeld rolwerk.jpg","RM40306MU3","2024","commons"
"632","https://beeldbank.cultureelerfgoed.nl/rce-mediabank/detail/d662d503-6c05-9b85-aa96-2d015f845291/media/5a5c8037-a1f6-1d27-c4ad-1fffac1c2683","RM40306MU4",,"rce"
"633","4 beschildering noordportaal a.jpg","RM40306MU4","2024","commons"
"634","4 beschildering noordportaal b.jpg","RM40306MU4","2024","commons"
"635","https://beeldbank.cultureelerfgoed.nl/rce-mediabank/detail/f6d8a847-d56c-7083-ad92-0db22cf9ccb3/media/ad762cc7-5e00-4120-7699-a19b2c3a965a","RM9474MU1a","1951","rce"
"636","https://beeldbank.cultureelerfgoed.nl/rce-mediabank/detail/285b3642-be01-8923-69cf-ca605643ef98/media/9938b025-2090-af47-6e73-8d448e3c6161","RM9474MU1a","1951","rce"
"637","https://beeldbank.cultureelerfgoed.nl/rce-mediabank/detail/257584a5-5f15-8daf-b15e-8c129e19e3cd/media/51e9f622-289d-a7b3-b24c-aa26d4f36b04","RM9474MU1a","2010","rce"
"638","1a ornamentale beschildering.jpg","RM9474MU1a","2024","commons"
"639","https://beeldbank.cultureelerfgoed.nl/rce-mediabank/detail/62714fbc-e64b-2e85-6f2d-d52a72670132/media/94bc1d61-0a2b-d4df-04e2-858d8f4adaee","RM9474MU1b","1949","rce"
"640","1b dubbele zwarte adelaar.jpg","RM9474MU1b","2024","commons"
"641","https://beeldbank.cultureelerfgoed.nl/rce-mediabank/detail/6f8c4c36-c54c-3e2b-bfdc-f24a458905c8/media/bc987ded-107b-5364-5cde-305fd67d967a","RM9474MU1c","1949","rce"
"642","1c vrouwelijke heilige.jpg","RM9474MU1c","2024","commons"
"643","https://beeldbank.cultureelerfgoed.nl/rce-mediabank/detail/285b3642-be01-8923-69cf-ca605643ef98/media/9938b025-2090-af47-6e73-8d448e3c6161","RM9474MU1d","1951","rce"
"644","2 uil en kraai met restanten rond raam.jpg","RM9474MU2","2024","commons"
"645","2 Uil en kraai.jpg","RM9474MU2","2024","commons"
"646","https://beeldbank.cultureelerfgoed.nl/rce-mediabank/detail/70a7da35-6ecc-8fd5-08ec-93b37f4bc4e4/media/e02c38f3-4281-afcf-8205-feb68219e087","RM9474MU3","1948","rce"
"647","https://beeldbank.cultureelerfgoed.nl/rce-mediabank/detail/91fbe7e4-c149-97bf-c5de-edc552756f3a/media/c83807bb-4b41-4d17-1446-20e783a04133","RM9474MU3","1948","rce"
"648","https://beeldbank.cultureelerfgoed.nl/rce-mediabank/detail/143011af-3272-1f1c-e548-9c724b6b00a2/media/cd55dedf-8cfa-61ee-ed67-5e94aa60cc1b","RM9474MU3","2010","rce"
"649","3 Sebastiaan.jpg","RM9474MU3","2024","commons"
"650","3 en 4 sebastiaan met mannenkop.jpg","RM9474MU3","2024","commons"
"651","https://beeldbank.cultureelerfgoed.nl/rce-mediabank/detail/021380ad-01cc-cc87-0147-e989854a076f/media/4ae32705-e63f-2406-16f3-a2b7c7315de5","RM9474MU4","1948","rce"
"652","https://beeldbank.cultureelerfgoed.nl/rce-mediabank/detail/3565f2fc-99ea-2b56-1f06-c6d6e6eeea93/media/5d3f5c10-ba86-47b8-a172-ff9cded8c0d9","RM9474MU4","2010","rce"
"653","4 mannenkop met spaanse hoed.jpg","RM9474MU4","2024","commons"
"654","https://beeldbank.cultureelerfgoed.nl/rce-mediabank/detail/e6c4688a-0b18-41d0-639b-6118b58ad2b7/media/bb60d057-d97b-ae49-cce8-c1b9a63477e7","RM9474MU5","2010","rce"
"655","5 dierfiguur.jpg","RM9474MU5","2024","commons"
"656","https://beeldbank.cultureelerfgoed.nl/rce-mediabank/detail/b801b749-0db2-80c4-7d7f-79c57e9fa9f8/media/f636c161-72a1-f04f-1ba2-d07838db2ad8","RM9474MU6","2010","rce"
"657","6 wijdingskruis.jpg","RM9474MU6","2024","commons"
"658","https://beeldbank.cultureelerfgoed.nl/rce-mediabank/detail/be79fde6-2fc4-7709-0afd-bce0f9b67412/media/7b928f62-9987-afc6-c59b-8ad09e179402","RM9474MU7","1946","rce"
