"id","gebouwid","positie","titel","volgnr","ruimte","locatie_in_ruimte","orientatie_nozw","specifieke_locatie"
"RM18423MU1","RM18423","1","1 Driedelige nis oostwand noorderdwarspand resten beschildering met grijze natuursteenblokken.","1","noorderdwarspand","oostwand","oost","driedelige nis"
"RM18423MU10","RM18423","10","10 Noordelijk veld vieringgewelf: Maaltijd te Emmaüs.","10","vieringgewelf","noordelijk veld","noord",
"RM18423MU11","RM18423","11","11 Oostelijk veld vieringgewelf: Pinksteren; in het midden Maria, bovenin Heilige Geest in gedaante van duif.","11","vieringgewelf","oostelijk veld","oost",
"RM18423MU12","RM18423","12","12 Oostelijk veld zuidelijk dwarspand: Christus als Man van Smarten.","12","zuidelijk dwarspand","oostelijk veld","oost",
"RM18423MU13","RM18423","13","13 Noordelijk veld zuidelijk dwarspand: engel met ladder. artoon met","13","zuidelijk dwarspand","noorderlijk veld","noord",
"RM18423MU14","RM18423","14","14 Westelijk veld zuidelijk dwarspand: engel met hamer en nijptang.","14","zuidelijk dwarspand","westelijk veld","west",
"RM18423MU15","RM18423","15","15 Zuidelijk veld zuidelijk dwarspand: engel met hysop-stengel.","15","zuidelijk dwarspand","zuidelijk veld","zuid",
"RM18423MU16","RM18423","16","16 Oostelijk veld noordelijk dwarspand: engel met Christus' onderkleed","16","noordelijk dwarspand","oostelijk veld","oost",
"RM18423MU17","RM18423","17","17 Noordelijk veld noordelijk dwarspand: engel met lans.","17","noordelijk dwarspand","noorderlijk veld","noord",
"RM18423MU18","RM18423","18","18 Zuidelijk veld noordelijk dwarspand: engel met kruis en doornenkroon.","18","noordelijk dwarspand","zuidelijk veld","zuid",
"RM18423MU19","RM18423","19","19 Westelijk veld noordelijk dwarspand: engel met geselroede.","19","noordelijk dwarspand","westelijk veld","west",
"RM18423MU2","RM18423","2","2 Sacristie, sluitsteen zuidelijke travee Maria met Kind op de maansikkel.","2","sacristie","zuidelijk travee","zuid","sluitsteen"
"RM18423MU20","RM18423","20","20 Fragment van een dierkop (?).","20",,,,
"RM18423MU21","RM18423","21","21 Wapens op sluitstenen koor.","21","koor",,,"sluitstenen"
"RM18423MU22","RM18423","22","22 Tekst in cartouche boven zuidingang transept DAT IS HET EEWIGE LEVEN/DAT SE DY, DAT DV ALLENE/WARACHTIG GODT BIST, ENDE/DEN DV GESENDT HEFST,/ IESVM CHRISTVM KENNEN (Johannes 17, 3).","22","transept","boven zuidingang",,
"RM18423MU23","RM18423","23","23 Cartouches op koorzuilen met samenvatting calvinistische geloofsleer: zie 23 a tot en met l. 23 f en g vormen de Tien Geboden. Bij de restauratie is het gestoelte een travee naar het westen verplaatst (23 a, l)","23","koor",,,"koorzuilen"
"RM18423MU24","RM18423","23a","23 a. ‘Vande Gemeynschap ende verzegelinge' - kopie uit 1829","23",,,,
"RM18423MU25","RM18423","23b","23 b. 'Vande Rechtveerdigmakinge'","23",,,,
"RM18423MU26","RM18423","23c","23 c. 'Vant H. Nachtmael'","23",,,,
"RM18423MU27","RM18423","23d","23 d. 'Van Predicatie'","23",,,,
"RM18423MU28","RM18423","23e","23 e. 'Het Catholycke Christelyke Geloove'","23",,,,
"RM18423MU29","RM18423","23f","23 f. 'Exod. XX'","23",,,,
"RM18423MU3","RM18423","3","3 Zuidelijk gewelfveld zuidelijk dwarspand wapenschild aan tak en initialen AE, erboven datering A 93 waarschijnlijk verwijzend naar voltooiing schilderingen in 1493.","3","zuidelijk dwarspand","zuidelijk gewelfveld","zuid",
"RM18423MU30","RM18423","23g","23 g. 'Deut. V'","23",,,,
"RM18423MU31","RM18423","23h","23 h. 'Van de Wet ende Evangelie'","23",,,,
"RM18423MU32","RM18423","23i","23 i. 'Vande Doop' ","23",,,,
"RM18423MU33","RM18423","23j","23 j. 'Vande Gemeynschap ende verzegelinge'","23",,,,
"RM18423MU34","RM18423","23k","23 k. 'Van de Heyligmakinge'","23",,,,
"RM18423MU35","RM18423","23l","23 l. 'Van Predicatie' - kopie uit 1829","23",,,,
"RM18423MU4","RM18423","4","4 Westelijk veld oostelijke schiptravee: Christus in Gethsemane.","4","oostelijke schiptravee","westelijk veld","west",
"RM18423MU5","RM18423","5","5 Noordelijk veld oostelijke schiptravee: Verraad van Judas.","5","oostelijke schiptravee","noordelijk veld","noord",
"RM18423MU6","RM18423","6","6 Zuidelijk veld oostelijke schiptravee: Doornenkroning.","6","oostelijke schiptravee","zuidelijk veld","zuid",
"RM18423MU7","RM18423","7","7 Oostelijk veld oostelijke schiptravee: Hemelvaart; in het midden Maria; van Christus alleen voeten en zoom kleed zichtbaar. Door het luik werd op Hemelvaartsdag een beeld van Christus ten hemel gehesen.","7","oostelijke schiptravee","oostelijk veld","oost",
"RM18423MU8","RM18423","8","8 Zuidelijk veld vieringgewelf: Opstanding.","8","zuidelijk veld vieringgewelf",,"zuid",
"RM18423MU9","RM18423","9","9 Westelijk veld vieringgewelf: Christus en Maria Magdalena (Noli me tangere').","9","westelijk veld vieringgewelf",,"west",
"RM18555MU1","RM18555","1","1 Architectuurpolychromie noorderdwarspand ca. 1250: grijze natuursteenblokken met witte voegen, rode baksteenbeschildering rond raamkoppen en oculi. Rechts boven op oostwand: wapenschild met metselaarsgereedschap waarschijnlijk ca. 1520-1530; knol-motief ca. 1520-1530.","1","noorderdwarspand",,,
"RM18555MU10","RM18555","10","10 Vierde middenschipstravee uit het westen: architectuurpolychromie met ranken, westelijk gordelboog baksteenbeschildering, ca. 1250.","10","Vierde middenschipstravee uit het westen",,"west",
"RM18555MU11","RM18555","11","11 Gewelf noorderzijbeuk, eerste travee uit het westen: evangelistensymbolen, leeuw-Marcus (noordelijk veld), os-Lucas (westelijk veld), engel-Mattheüs (zuidelijk veld), adelaar-Johannes (oostelijk veld), klankpot boven deze laatste dient als opengesperde mond van vraatzucht symboliserend kopje, ca. 1480; rank noordoostelijke gewelfzwik, knol-motief, ca. 1520-1530.","11","Gewelf noorderzijbeuk",,,
"RM18555MU12","RM18555","12","12 Gewelf noorderzijbeuk, tweede travee vanuit het westen: St. Anna-te-Drieën (oostelijk veld), Michaël (noordelijk veld), rond drie klankpotten kopjes, ca. 1480; knol-motief, ca. 1520-1530.","12","Gewelf noorderzijbeuk",,,
"RM18555MU13","RM18555","13","13 Gewelf noorderzijbeuk, derde travee vanuit het westen: Martinus met bedelaar op houten been (oostelijk veld), Stephanus (zuidelijk veld), ca. 1480; knol-motief, ca. 1520-1530.","13","Gewelf noorderzijbeuk",,,
"RM18555MU14","RM18555","14","14 Gewelf noorderzijbeuk, vierde travee vanuit het westen: Christophorus (oostelijk veld), Maria Magdalena (westelijk veld), sluitsteen met wapen familie Rolteman, ca. 1480; knol-motief, ca. 1520-1530.","14","Gewelf noorderzijbeuk",,,
"RM18555MU15","RM18555","15","15 Gewelf zuiderzijbeuk, eerste travee uit het westen, noordelijk veld: pelikaan, bij sluitsteen kroon, ca. 1480.","15","Gewelf zuiderzijbeuk",,,
"RM18555MU16","RM18555","16","16 Gewelf zuiderzijbeuk, tweede travee uit het westen, oostelijk veld: Maria met Kind tussen Cosmas en Damianus, ca. 1480; knol-motief, ca. 1520-1530.","16","Gewelf zuiderzijbeuk",,,
"RM18555MU17","RM18555","17","17 Gewelf zuiderzijbeuk, derde travee uit het westen: opschriften bij verdwenen afbeeldingen: Sanctus Odger (noordelijk veld). Sanctus Johannes Baptista' (oostelijk veld), Sanctus Martinus"" (buidelijk veld). Sanctus Johannes Evangelistal (westelijk veld), ca 1480; op sluitsteen stads- wapen met tweekoppige adelaar, ca. 1480, knol-motief, ca. 1520- 1530.","17","Gewelf zuiderzijbeuk",,,
"RM18555MU18","RM18555","18","18 Gewelf zuiderzijbeuk, vierde travee uit het westen: evangelistensymbolen, leeuw-Marcus (noordelijk veld), os-Lucas (westelijk veld), engel-Mattheüs (zuidelijk veld), adelaar-Johannes (oostelijk veld), ca. 1480.","18","Gewelf zuiderzijbeuk",,,
"RM18555MU19","RM18555","19","19 Christologische cyclus koornissen, ca. 1535, zie ook 19 a tot en met n       ","19","koor",,,
"RM18555MU2","RM18555","2","2 Vieringsbogen: blokbeschildering met decoratieve patronen, op archivolt triomfboog band met florale motieven, ca. 1250; knol-motief, ca. 1520-1530.","2",,,,
"RM18555MU20","RM18555","20","20 Westwand koorlantaar: fragmenten Laatste Oordeel, ca. 1535: bovenin Maria uit de Deësis in een architectonische omraming, naast haar vermoedelijk Johannes de Doper, eveneens uit de Deësis, maar verdwenen. Daaronder fragmentarisch Christus op de regenboog. Links van hem de tekst, ‘Venite benedicti' (Komt gij gezegenden). In register daaronder links enkele apostelen be- waard gebleven, vermoedelijk uit een apostelreeks; Andreas herkenbaar. Lager bazuinende engelen, geheel rechts waarschijnlijk Gabriël met de tekst: ‘Surgite mortui, venite ad iudicium' (,Staat op gij doden, komt tot het oordeel'). Geheel onderaan doden die uit hun graven opstaan, rechts enkele duivels bij hellemuil.","20","koor",,"west","koorlantaarn"
"RM18555MU21","RM18555","21","21 Tekst in cartouche boven zuidingang koor, ca. 1600: IESAIA 62 VERS 5 ALSE SICK EIN BRUDE- GAM/FROVWET AVER SIN BRUDT/SO WERT SICK DIN GODT/AVER DI FROVWEN.","21","koor","boven zuidingang",,
"RM18555MU22","RM18555","22","22 Bovenverdieping kapel: sjabloonversiering kruisribgewelf in Art Nouveautrant, 1904.","22","kapel","bovenverdieping",,
"RM18555MU23","RM18555","19a","19 a. Maria Boodschap.","19",,,,
"RM18555MU24","RM18555","19b","19 b. Aartsengel Gabriël (Annunciatie).","19",,,,
"RM18555MU25","RM18555","19c","19 c. Geboorte van Christus.","19",,,,
"RM18555MU26","RM18555","19d","19 d. Aankondiging aan de Herders.","19",,,,
"RM18555MU27","RM18555","19e","19 e. Aanbidding der Koningen.","19",,,,
"RM18555MU28","RM18555","19f","19 f. Voorstelling in de Tempel.","19",,,,
"RM18555MU29","RM18555","19g","19 g. Kindermoord van Bethlehem.","19",,,,
"RM18555MU3","RM18555","3","3 Op zuidoostelijke hoek muur vroegere toren, als pijler opgenomen in hallenkerk, rechterhelft van schildering uit 3de kwart 14de eeuw, mogelijk Maria met Kind op de troon van Salomo als incarnatie van de goddelijke wijsheid; Maria vergezeld door personificaties deugden: geheel rechts drie vrouwelijke halffiguren, links boven een staande; door beschadiging banderollen (op één ervan is nog te lezen: ...S.TVS) identificatie onmogelijk. Gotische architectuur als kader voorstelling; rechts bovenaan ridder ten aanval.","3",,"Op zuidoostelijke hoek muur vroegere toren",,
"RM18555MU30","RM18555","19h","19 h. Twaalfjarige Jezus in de Tempel.","19",,,,
"RM18555MU31","RM18555","19i","19 i. Zalving van Jezus door Maria Magdalena.","19",,,,
"RM18555MU32","RM18555","19j","19 j. Intocht in Jeruzalem.","19",,,,
"RM18555MU33","RM18555","19k","19 k. Laatste Avondmaal.","19",,,,
"RM18555MU34","RM18555","19l","19 l. Gethsemane en Gevangenneming.","19",,,,
"RM18555MU35","RM18555","19m","19 m. Christus voor Pilatus.","19",,,,
"RM18555MU36","RM18555","19n","19 n. Kruisiging.","19",,,,
"RM18555MU37","RM18555","4a","4 a. Christuskop (in reliëf).","4",,,,
"RM18555MU38","RM18555","4b","4 b. Maria met Kind (vrijwel verdwenen).","4",,,,
"RM18555MU39","RM18555","4c","4 c. Johannes de Doper.","4",,,,
"RM18555MU4","RM18555","4","4 Sluitstenen koor, ca. 1420. Sluitstenen kooromgang, alle met wapenschild, maar sommige leeg, ca. 1420.","4","Koor",,,"sluitstenen"
"RM18555MU40","RM18555","4d","4 d. Martinus te paard met bedelaar.","4",,,,
"RM18555MU41","RM18555","4e","4 e. Stadswapen met eenkoppige adelaar; vanaf 1443 wordt de tweekoppige adelaar gevoerd, zie nr. 17.","4",,,,
"RM18555MU42","RM18555","5a","5 a. Wapen van Reynolt Huginge (verschillende keren burgemeester tussen 1386 en 1426). ","5",,,,
"RM18555MU43","RM18555","5b","5 b. Wapen van Coenraet de Vos van Steenwijck (burgemeester 1415-1419). Op gewelf opschrift: ,Coenraet van Steenwic anders gheheten de Vos /  hevet desen steen bekostigen / ende ghegeven in de ere Godes ende Marien, sunte Johannes ende Sante Merten'.","5",,,,
"RM18555MU44","RM18555","5c","5 c. Wapen van Lulof of Johan Sickinge (verschillende keren burgemeester tussen 1412 en 1443).","5",,,,
"RM18555MU45","RM18555","5d","5 d. Wapen van Bruen Clinghe (verschillende keren burgemeester tussen 1413 en 1434).","5",,,,
"RM18555MU46","RM18555","5e","5 e. Twee vrouwelijke heiligen, gedeeltelijk overgeschilderd.","5",,,,
"RM18555MU47","RM18555","5f","5 f. Wapen van Henrick ter Bruggen.","5",,,,
"RM18555MU48","RM18555","5g","5 g. Martinus te paard met bedelaar.","5",,,,
"RM18555MU49","RM18555","5h","5 h. Vlucht naar Egypte.","5",,,,
"RM18555MU5","RM18555","5","5 Op sluitstenen kooromgang wapenschilden ","5","kooromgang",,,"sluitstenen"
"RM18555MU50","RM18555","5i","5 i. Eligius, mogelijk patroon smidsgilde.","5",,,,
"RM18555MU51","RM18555","5j","5 j. Man met weegschaal, mogelijk verwijzend naar marskramersgilde.","5",,,,
"RM18555MU52","RM18555","5k","5 k. Onbekend.","5",,,,
"RM18555MU53","RM18555","5l","5 l. Schaar, mogelijk wapen van kleermakersgilde of familie Van der Scheer. ","5",,,,
"RM18555MU54","RM18555","5m","5 m. Wolf met een gans in de bek, wapen van familie Schaffer.","5",,,,
"RM18555MU55","RM18555","5n","5 n. Onbekend.","5",,,,
"RM18555MU6","RM18555","6","6 Noorderkooromgang, tweede zuil uit het westen: nis met omlijsting in grijs op schoon metselwerk, ca. 1420.","6","Noorderkooromgang",,"west","tweede zuil uit het westen"
"RM18555MU7","RM18555","7","7. Westelijk middenschipsgewelf: Johannes de Doper (noordelijk veld), Bavo (zuidelijk veld), mannetje (oostelijk veld bij sluitsteen), ca. 1480; Martinus (westelijk veld), ca. 1520-1530; deels oversneden door baldakijnschildering boven orgel, 1692.","7","Westelijk middenschipsgewelf",,,
"RM18555MU8","RM18555","8","8. Tweede middenschipsbeuk uit het westen: vastenavondvoorstelling, ca. 1480, om de sluitring: muzikanten, nar, zeemeermin, boog-schutter, in westelijk gewelfvak: kinderbisschop.","8","Tweede middenschipsbeuk uit het westen",,"west",
"RM18555MU9","RM18555","9","9 Derde middenschipsbeuk uit het westen: architectuurpolychromie en ranken, ca. 1250; grijze baldakijnschildering op vroegere plaats orgel, voor 1468; knol-motief, ca. 1520-1530.","9","Derde middenschip uit het westen",,"west",
"RM21303MU1","RM21303","1","1 Catharina van Alexandrië.","1","koor","zuidwand","zuid",
"RM21303MU10","RM21303","3b","3 b. Noach, hakkend met winkelhaak en anker.","3","koor","gewelf","noord",
"RM21303MU11","RM21303","3c","3 c. Jacobus, Hermogenes variant","3","koor","gewelf","zuid",
"RM21303MU12","RM21303","3d","3 d. Springend hert.","3","koor","gewelf","west",
"RM21303MU13","RM21303","3e","3 e. Kroon.","3","koor","gewelf","oost",
"RM21303MU14","RM21303","3f","3 f. Vogel boven winkelhaak.","3","koor","gewelf","west",
"RM21303MU15","RM21303","3g","3 g. Mannetje met opengesperde mond.","3","koor","gewelf","noord",
"RM21303MU16","RM21303","4","4 ranken in geboorte gewelven","4","koor en koorsluiting","gewelf","oost",
"RM21303MU17","RM21303","5","5 vlechtwerkverbanden, baksteenimitatie","5","schip","gewelf","west",
"RM21303MU2","RM21303","2","2 Koorsluiting: zie 2a, 2b, 2c, 2d en 2e.","2","Koorsluiting","gewelf","oost",
"RM21303MU3","RM21303","2a","2 a. Laatste Oordeel, gereduceerd tot Christusfiguur.","2","koorsluiting","gewelf","oost",
"RM21303MU4","RM21303","2b","2 b. Bazuinende engelen.","2","koorsluiting","gewelf","oost",
"RM21303MU5","RM21303","2c","2 c. Pelikaan.","2","koorsluiting","gewelf","west",
"RM21303MU6","RM21303","2d","2 d. Musicerende engelen.","2","koorsluiting","gewelf","oost",
"RM21303MU7","RM21303","2e","2 e. rankwerk rond sluitsteen","2","koorsluiting","gewelf","oost",
"RM21303MU8","RM21303","3","3 Koortravee: zie 3 a tot en met g     ","3","koor","gewelf","oost",
"RM21303MU9","RM21303","3a","3 a. Adam en Eva.","3","koor","gewelf","oost",
"RM26265MU1","RM26265","1","1 Kruisiging in sluitring","1","noorderdwarspand","gewelf",,"sluitring"
"RM26265MU11","RM26265","3a","3 a. Ontmoeting van Joachim en Anna onder de Gouden Poort (Onbevlekte Ontvangenis).","0","noorderkapel","oostelijk travee","oost",
"RM26265MU12","RM26265","3b","3 b. Aankondiging.","0","noorderkapel","oostelijk travee","noord",
"RM26265MU13","RM26265","3c","3 c. Visitatie","0","noorderkapel","oostelijk travee","west",
"RM26265MU14","RM26265","3d","3 d. Maria's Tempelgang","0","noorderkapel","oostelijk travee","zuid",
"RM26265MU15","RM26265","4a","4 a. Geboorte van Christus.","4","noorderkapel","westelijk travee","oost",
"RM26265MU16","RM26265","4b","4 b. Aanbidding der Koningen.","4","noorderkapel","westelijk travee","noord",
"RM26265MU17","RM26265","4c","4 c. Voorstelling in de Tempel (Maria Lichtmis).","4","noorderkapel","westelijk travee","west",
"RM26265MU18","RM26265","4d","4 d. Maria Tenhemelopneming.","4","noorderkapel","westelijk travee","zuid",
"RM26265MU19","RM26265","6a","6 a. Pelikaan","6","westelijk koortravee",,"west",
"RM26265MU2","RM26265","2","2 Lam Gods in sluitring","2","zuiderdwarspand","gewelf",,"sluitring"
"RM26265MU20","RM26265","6b","6 b. Wonderbare Visvangst","6","westelijk koortravee",,"oost",
"RM26265MU21","RM26265","7a","7 a. Man van Smarten.","7","tweede koortravee uit het westen",,"west",
"RM26265MU22","RM26265","7b","7 b. Christus in de Hof van Gethsemane.","7","tweede koortravee uit het westen",,"noord",
"RM26265MU23","RM26265","7c","7 c. Lam Gods met tekst Agnus Dei qui [tollis peccata mundi].","7","tweede koortravee uit het westen",,"oost",
"RM26265MU24","RM26265","7d","7 d. Maaltijd te Emmaüs.","7","tweede koortravee uit het westen",,"zuid",
"RM26265MU25","RM26265","8a","8 a. Luit spelende engel.","8","derde koortravee uit het westen",,"west",
"RM26265MU26","RM26265","8b","8 b. Pinksteren.","8","derde koortravee uit het westen",,"noord",
"RM26265MU27","RM26265","8c","8 c. Maagd met eenhoorn.","8","derde koortravee uit het westen",,"oost",
"RM26265MU28","RM26265","8d","8 d. Ongelovige Thomas.","8","derde koortravee uit het westen",,"zuid",
"RM26265MU29","RM26265","9a","9 a. Salvator Mundi (sluitsteen).","9","koorsluiting",,,"sluitsteen"
"RM26265MU3","RM26265","3","3 Noorderkapel, oostelijke travee: zie 3 a tot en met 3d.","3","noorderkapel","oostelijke travee","oost",
"RM26265MU30","RM26265","9b","9 b. Gregorius de Grote.","9","koorsluiting",,"noord",
"RM26265MU31","RM26265c","9c","9 c. Hiëronimus.","9","koorsluiting",,"noordoost",
"RM26265MU32","RM26265","9d","9 d. Petrus en Paulus.","9","koorsluiting",,"oost",
"RM26265MU33","RM26265","9e","9 e. Augustinus van Hippo.","9","koorsluiting",,"zuidoost",
"RM26265MU34","RM26265","9f","9 f. Ambrosius van Milaan.","9","koorsluiting",,"zuid",
"RM26265MU35","RM26265","5a","5 a. Bazuinende engel","0","westelijk koortravee",,"noord",
"RM26265MU36","RM26265","5b","5 b. Bazuinende engel ","0","westelijk koortravee ",,"zuid",
"RM26265MU37","RM26265","10","10 a t/m h verschillende wijdingskruizen","10","koortravee en noorderkapel","wanden",,"onderzijde"
"RM26265MU38","RM26265","11","11 a t/m e wapenschilden en tekens","11","schip ","zuidwand","zuid",
"RM26265MU4","RM26265","4","4 Noorderkapel, westelijke travee:zie 4 a tot en met 4d.","4","noorderkapel","westelijke travee","west",
"RM26265MU5","RM26265","5","5 Laatste Oordeel","5","noordwand westelijke koortravee",,"noord",
"RM26265MU6","RM26265","6","6 Westelijke koortravee","6","westelijk koortravee",,"west",
"RM26265MU7","RM26265","7","7 Tweede koortravee uit het westen: 7 a tot en met 7d.","7","tweede koortravee uit het westen",,"west",
"RM26265MU8","RM26265","8","8 Derde koortravee uit het westen: 8 a tot en met 8d.","8","derde koortravee uit het westen",,"west",
"RM26265MU9","RM26265","9","9 Koorsluiting zie 9 a t/m f","9","koorsluiting",,,
"RM26270MU1","RM26270","1","1 wijdingskruis","1","koor","noordwand","noord",
"RM26270MU2","RM26270","2","2 fries van driepasnissen afgesloten door lijst in blokverband ","2","koor","noorwand","noord",
"RM26270MU3","RM26270","3","3 dagkanten middelste koorvenster, Maiestas Domini, daaronder diverse vrouwelijke heiligen in driepasnissen","3","koor","oostwand","oost","dagkanten middelste venster"
"RM26270MU4","RM26270","3a","3a Maiestas Domini","4","koor","oostwand","oost","dagkanten middelste venster"
"RM26270MU5","RM26270","3b","3b vrouwelijke heiligen, rechts waarschijnlijk Barbera","5","koor","oostwand","oost","dagkanten middelste venster"
"RM26270MU6","RM26270","3c","3c twee mannelijke heiligen","6","koor","oostwand","oost","dagkanten middelste venster"
"RM26270MU7","RM26270","3d","3d twee vrouwelijke heiligen","7","koor","oostwand","oost","dagkanten middelste venster"
"RM26270MU8","RM26270","3e","3e twee mannelijke heiligen","8","koor","oostwand","oost","dagkanten middelste venster"
"RM29894MU1","RM29894","1","1 uil ","1","koorsluiting","gewelf","noordoost",
"RM29894MU10","RM29894","10a","10a ongeïdentificeerde scène 'liefdespaartje'","10","noorderdwarspand","gewelf","oost",
"RM29894MU11","RM29894","11","11 Zondeval; signatuur: Allett Oetteijt f[ecit]'","11","derde travee uit het westen","gewelf","oost",
"RM29894MU12","RM29894","12","12a ornamentschildering ","12","westelijk koortravee ","noordwand","noord",
"RM29894MU13","RM29894","13","13 commemoratieve opschriften tegen achtergrond van twee monochroom geschilderde rouwborden","13","oostelijk koortravee ","noordwand","noord",
"RM29894MU14","RM29894","10b","10b ongeïdentifeerde scène 'fragment figuur met banderol en vogels' ","0","noorderdwarspand","gewelf","oost",
"RM29894MU15","RM29894","10c","10c ongeïdentifeerde scène '2 figuren in bloemrank' ","0","noorderdwarspand","gewelf","noord",
"RM29894MU16","RM29894","10d","10d ongeïdentifeerde scène 'figuur komende uit bloemrank' ","0","zuiderdwarspand","gewelf","oost",
"RM29894MU17","RM29894","10e","10e ongeïdentificeerde scène 'figuur met hoed' ","0","zuiderdwarspand","gewelf","zuid",
"RM29894MU18","RM29894","10f","10f ongeïdentificeerde scène 'nar met vrouw en vogel' ","0","zuiderdwarspand","gewelf","west",
"RM29894MU19","RM29894","10g","10g ongeïdentificeerde scène 'fragment tekstbanderol' ","0","zuiderdwarspand","gewelf","noord",
"RM29894MU2","RM29894","2","2 vermoedelijk adelaar ","2","koorsluiting","gewelf","zuidoost",
"RM29894MU20","RM29894","null","11a bloemrank met bijschrift 'anno 1612' ","0","derde travee uit het westen","gewelf","oost",
"RM29894MU21","RM29894","null","11b fragment bloemrank met eend in een pot ","0","tweede travee uit het westen","gewelf","noord",
"RM29894MU22","RM29894","null","12b Salvator Mundi","0","westelijk koortravee","noordwand","noord",
"RM29894MU23","RM29894","null","12c man van smarten (?)","0","westelijk koortravee","zuidwand","zuid",
"RM29894MU3","RM29894","3","3 pelikaan, putti met wijnranken ","3","oostelijk koortravee","gewelf","oost",
"RM29894MU4","RM29894","4","4 putto op draak ","4","westelijk koortravee","gewelf","zuid",
"RM29894MU5","RM29894","5","5 putto met lans ","5","westelijk koortravee","gewelf","noord",
"RM29894MU6","RM29894","6","6 Laatste Oordeel met bazuinende engelen, Deësis ","6","viering ","gewelf","oost",
"RM29894MU7","RM29894","7","7 hemelgebouw met renaissancistische balusters en rustica-blokken ","7","viering","gewelf","noord",
"RM29894MU8","RM29894","8","8 hel ","8","viering","gewelf","zuid",
"RM29894MU9","RM29894","9","9 pinksteren ","9","viering","gewelf","west",
"RM29897MU1","RM29897","1","1 Centaur","1","westelijk travee","gewelf",,"sluitring"
"RM29897MU10","RM29897","5b","5b Fragmenten van een onleesbaar geworden tekst en gevleugeld gehoornd figuur","0","derde travee uit het westen","gewelf","oost",
"RM29897MU11","RM29897","7","7 4 figuren met baard","0","derde travee uit het westen","gewelf",,"sluitring"
"RM29897MU2","RM29897","2","2 Waarschijnlijk griffioen","2","tweede travee uit het westen","gewelf",,"sluitring"
"RM29897MU3","RM29897","3","3 Christus","3","koortravee ","gewelf",,"sluitring"
"RM29897MU4","RM29897","4a","4a Laatste Oordeel, Hemelgebouw met Petrus","0","tweede travee uit het westen","gewelf","noordoost",
"RM29897MU5","RM29897","5a","5a Fragment van Johannes de evangelist en fragmenten van een onleesbaar geworden tekst","5","derde travee uit het westen","gewelf","oost",
"RM29897MU6","RM29897","6","6 Eenhoorn","6","koortravee","gewelf","noord",
"RM29897MU7","RM29897","4b","4b Laatste Oordeel, Christus als rechter, Deësis, Michaël als zielenweger","4","tweede travee uit het westen","gewelf","oost",
"RM29897MU8","RM29897","4c","4c Laatste Oordeel, Hellemuil","0","tweede travee uit het westen","gewelf","oost",
"RM29897MU9","RM29897","4d","4d Dorothea met bloemenkrans","0","tweede travee uit het westen","gewelf","zuidoost",
"RM31612MU1","RM31612","1a","1a heilige met banderol, rechts Petrus.","1","koorsluiting","oostmuur","oost","links van oostvenster"
"RM31612MU10","RM31612","3d","3d maskertjes met decoratieve motieven","198","viering","pijlers noord en zuid","oost","op de kapitelen van de wandpijlers"
"RM31612MU11","RM31612","4a","4a Wonderbare Visvangst","4","noorderdwarspand","oostwand","noordoost","rechts naast venster"
"RM31612MU12","RM31612","4b","4b Kroning van Maria ","200","noorderdwarspand","oostwand","noordoost","onder venster"
"RM31612MU13","RM31612","4c","4c kopje, heilige","201","noorderdwarspand","noordwand ","noord","rechts naast venster"
"RM31612MU14","RM31612","5a","5a haas en sirene; in een nis in de zuidmuur Christophorus (sterk bijgewerkt)wijnranken; blokornament ribben; wijdingskruis, bedekt door jonger kruis, zie nr. 14.","5","zuiderdwarspand","oostwand","zuidoost","links naast venster"
"RM31612MU15","RM31612","5b","5b Christophorus","203","zuiderdwarspand","zuidwand","zuid","links naast venster"
"RM31612MU16","RM31612","6a","6a restanten evangelistensymbolen in architectonische omlijsting, herkenbaar engel (Mattheüs)","6","schip","westelijk travee","west","onderin gewelf"
"RM31612MU17","RM31612","6b","6b decoratieve band en ranken; opschrift (THIOMAS/FECIT/ DE NORDA (verwijzend naar de herkomst van de schilder uit Norden).","205",,,"west","brede bandring rond sluitsteen"
"RM31612MU18","RM31612","7","7 gevleugelde draak.","7","derde schiptravee vanaf west","zuidmuur","zuid",
"RM31612MU19","RM31612","8","8 panter, mogelijk bedoeld als symbool van het goede tegenover het kwaad in nr. 7.","8","derde schiptravee vanaf west","noordmuur","noord",
"RM31612MU2","RM31612","1b","1b Petrus","2","koorsluiting","oostmuur","oost","rechts van oopstventer"
"RM31612MU20","RM31612","9a","9a Zondeval ","0","tweede schiptravee vanaf west","noordoostelijk gewelfveld",,
"RM31612MU21","RM31612","9b","9b Doop in de Jordaan ","0","tweede schiptravee vanaf west","zuidoostelijk gewelfveld",,
"RM31612MU22","RM31612","10a","10a Christophoruslegende ","0","derde schiptravee vanaf west",,"west",
"RM31612MU23","RM31612","10b","10b Heilige bisschop","0","derde schiptravee vanaf west",,"west",
"RM31612MU24","RM31612","11","11 evangelistensymbolen met namen op banderollen.","11","viering","oostelijk gewelf","oost",
"RM31612MU25","RM31612","12a","12a Laatste Oordeel, Deesis: links Johannes de Doper als voorspreker; verder naar links Petrus bij de hemelpoort, verder naar rechts duivels bij de helle- muil","12","koortravee","oostelijk gewelf","oost",
"RM31612MU26","RM31612","12b","12b Bisschop met knielende figuur, mogelijk kerk- patroon met opdrachtgever schilderingen","214","koortravee","westelijk gewelf","oost",
"RM31612MU27","RM31612","12c","12c Maria met Kind","215","koortravee","sluitring","oost",
"RM31612MU28","RM31612","13","13 Christus als Man van Smarten, tekst ECCE HOMO (Zie de mens).","13","koorsluiting","oostvenster","oost",
"RM31612MU29","RM31612","14","14 Margaretha met de draak (fragmentarisch)","14","zuiderdwarspand","zuidmuur","zuid","onder christophorus"
"RM31612MU3","RM31612","2a","2a resten imitatiebaksteen  ","2","koortravee","oostelijk gewelf","oost","onderin gewelven"
"RM31612MU30","RM31612","15","15 zwarte rolwerk-achtige motieven.","15","viering","zuidelijke gewelfvelden","zuid",
"RM31612MU31","RM31612","16","16 tekst ANNO 1599 IN DER TIT ALS/ JOHANS SPRENGER PASTOR VND/ FEBE FRECKES VND FENDRIKE THO BROCK UND MEMME VBBENS KERC/FOGEDE THO NORDBROCK WEREN HEFFT/MESTER GERGET MIT SIN GESELLEN / DISSE KERCKE GEREPRER. WND GESTOF/FER; hieronder twee huismerken en metselaarsgereedschap: troffel, dissel, beitel, winkelhaak, passer, hamer, schietlood.","16","viering","zuidoostelijk gewelfveld","zuidoost",
"RM31612MU32","RM31612","17","17 Bovenste deel van het overigens op hout geschilderde gordijn achter het orgel.","17","eerste schiptravee","westwand/gewelf","west","achter orgel"
"RM31612MU4","RM31612","2b","2b maskertjes","192","koortravee","noord en zuidwand","oost","op kapitelen wandpijlers"
"RM31612MU5","RM31612","2c","2c muurpotten met wijnranken","193","koortravee","noord en zuidwand","oost","langs vensters"
"RM31612MU6","RM31612","2d","2d mannelijke heilige en vrouwelijke met toren, waarschijnlijk Barbera","194","koortravee","zuidwand","oost","in nis links"
"RM31612MU7","RM31612","3a","3a rest van decoratieve band  ","3","viering","gewelf","oost",
"RM31612MU8","RM31612","3b","3b mannetje met boog","196","viering","gewelf","oost",
"RM31612MU9","RM31612","3c","3c kruis","197","viering","gewelf","oost","in sluitring"
"RM34504MU1","RM34504","1","1 Gewelf koorsluiting: florale beschildering.","1",,,,
"RM34504MU2","RM34504","2","2 Gewelf koortravee: haan (zuidzijde), florale beschildering.","2",,,,
"RM34504MU3","RM34504","3","3 Vieringgewelf: Zondeval (in 1877-1878 sterk verhaspeld, o.a. Adam van baard voorzien), kampvechters (zeer late variant), Johannes de Doper (mogelijk is in 1877-1878 het boek in de plaats van het Lam Gods gekomen), opschriften JESUS CHRISTUS FILIUS DEI en ANNO DOMINI 1418 (vermoedelijk te lezen als 1478); rond de sluitring: bisschop, gevleugelde stier, wolkenrand, twee herten, zwaan; florale beschildering","3",,,,
"RM34504MU4","RM34504","4","4 Noorderdwarspand: rond de sluitring doedelzakspeler, wildzwijnjacht, een man in gevecht met een draak, boogschutter, eenhoorn, Samson in gevecht met leeuw; florale beschildering.","4",,,,
"RM34504MU5","RM34504","5","5 Oostelijk schipgewelf: musicerende engelen met allegorische dierfiguren; in de sluitring Bartholomeüs; rondom de sluitring griffioen, aap, pelikaan, zeemeermin, mannetje met opengesperde mond, twee zwanenhalzen, een man in gevecht met een draak, hert; florale beschildering.","5",,,,
"RM34504MU6","RM34504","6","6 Westelijk schipgewelf, noord- en zuidzijde: trompetters; in sluitring: evangelistensymbolen met namen op banderollen; florale beschildering.","6",,,,
"RM34513MU1","RM34513","1","1 o.a. Lelies en kruis in sluitring, lager in velden drie-, vier-, vijf- en zespassen (in pleisterwerk getrokken lijnen nog zichtbaar) tegen een achtergrond van baksteen-imitatie","1","viering","vieringgewelf",,"sluitring"
"RM34513MU10","RM34513","10","10 Cartouche met tekst over het Laatste Oordeel geschilderd ","10","Viering","noordwand viering","noord","noordwand"
"RM34513MU11","RM34513","1a","1a Drie-, vier-, vijf- en zespassen (in pleisterwerk getrokken lijnen nog zichtbaar) tegen een achtergrond van baksteen-imitatie","0","viering","vieringgewelf",,"zwikken"
"RM34513MU2","RM34513","2","2 Acanthus-achtige motieven, binnen sluitring lelies ","2","koor","koorgewelf",,"sluitring"
"RM34513MU3","RM34513","3","3 Johannes de Doper ","3","viering","vieringgewelf","zuid","zuidzijde, links"
"RM34513MU4","RM34513","4","4 Laurentius","4","viering","vieringgewelf","zuid","zuidzijde, rechts"
"RM34513MU5","RM34513","5","5 Dorothea","5","viering","vieringgewelf","noord","noordzijde, links"
"RM34513MU6","RM34513","6","6 Barbara","6","viering","vieringgewelf","noord","noordzijde, rechts"
"RM34513MU7","RM34513","7","7 Fragment Adam van Zondeval","7","viering","vieringgewelf","oost","oostzijde, links"
"RM34513MU8","RM34513","8","8 Laatste Oordeel (de centrale Christusfiguur door inbreken raam verloren gegaan): bazuinende engelen, rechts knielende Johannes de Doper - vermoedelijk deel van een Deësis - en hellemuil, links Petrus bij hemelpoort","8","viering","noordwand ","noord","noordwand"
"RM34513MU9","RM34513","9","9 Gotische architectuur met restanten van heiligen, de middelste waarschijnlijk Maria","9","koor","noordwand koor","noord","rond en boven sacramentsmis"
"RM40295MU1","RM40295","1","1 ornamentband met lelie-motief ;","1","Triomfboog",,,"Midden"
"RM40295MU10","RM40295","10","10 Gewelf koortravee en -sluiting: bladranken en bloemen, figuratieve schilderingen, zie 10 a tot en met 10 l","10","Gewelf koortravee en koorsluiting",,,
"RM40295MU11","RM40295","11","11 sterk lineaire tweede versie van het Laatste Oordeel (herkenbaar: rechterhand Christus, engelen met,,Arma Christi"", in rechter nis knielende Johannes de Doper uit de Deësis, links hemelgebouw, verder apostelen, helse gedrochten, twee heren in modieuze kleding) ;","23","Derde travee","noordwand","west",
"RM40295MU12","RM40295","12","12 fragment vrouw","24","Eerste travee","zuidwand","west",
"RM40295MU13","RM40295","13","13 figuur met bolhoed","25","Eerste travee","noordwand","west",
"RM40295MU14","RM40295","5b","5b kop heilige, wijdingskruis en kop met puntmuts","26","Tweede travee","zuidwand","west",
"RM40295MU15","RM40295","10a","10a. Man van Smarten","11","Gewelf koortravee en koorsluiting",,,
"RM40295MU16","RM40295","10b","10b. Handen met wierookvaten","12","Gewelf koortravee en koorsluiting",,,
"RM40295MU17","RM40295","10c","10c. Sirene","13","Gewelf koortravee en koorsluiting",,,
"RM40295MU18","RM40295","10d","d. Hert","14","Gewelf koortravee en koorsluiting",,,
"RM40295MU19","RM40295","10e","e. Haan","15","Gewelf koortravee en koorsluiting",,,
"RM40295MU2","RM40295","2","2 gewelfvelden met rode en witte vlakken afgewisseld met wit gepleisterde velden;","2","Tweede travee",,"west",
"RM40295MU20","RM40295","10f","f. Engel (Mattheus)","16","Gewelf koortravee en koorsluiting",,,
"RM40295MU21","RM40295","10g","g. Leeuw (Marcus)","17","Gewelf koortravee en koorsluiting",,,
"RM40295MU22","RM40295","10h","h. Os (Lucas)","18","Gewelf koortravee en koorsluiting",,,
"RM40295MU23","RM40295","10i","i. Adelaar (Johannes)","19","Gewelf koortravee en koorsluiting",,,
"RM40295MU24","RM40295","10j","j. Pelikaan","20","Gewelf koortravee en koorsluiting",,,
"RM40295MU25","RM40295","10k","k. Uil","21","Gewelf koortravee en koorsluiting",,,
"RM40295MU26","RM40295","10l","l. Engelen","22","Gewelf koortravee en koorsluiting",,,
"RM40295MU27","RM40295","14","Nar, blaffend hondje daarnaast verdwenen","14","Gewelf tweede travee uit het westen","gewelf boven zuidwand","west",
"RM40295MU28","RM40295","15","kop met kapje of doek tussen rode ranken","15","derde travee uit het westen","noordwand ","noordwest","rechts boven zijdeur"
"RM40295MU29","RM40295","16","fragment dierfiguur","16","gewelf koorsluiting","gewelf boven noordwand","noordoost","onder in gewelf"
"RM40295MU3","RM40295","3","3 Lam Gods","3","Derde travee",,"west","Sluitring"
"RM40295MU30","RM40295","17","rankwerk met fragment heilige in nis","17","vierde travee uit het westen","noordwand ","noordoost",
"RM40295MU31","RM40295","18","rankwerk rondom nis","18","vierde travee uit het westen","zuidwand","zuidoost",
"RM40295MU32","RM40295","19","rankwerk","19","vierde travee uit het westen","zuidwand","zuidoost",
"RM40295MU33","RM40295","20","figuur bolhoed trekt aan puntmuts","20","tweede travee uit het westen","gewelf ","west","rond sluitstuk"
"RM40295MU4","RM40295","4","4 fragment mozaïekverband; maskertjes bij aansluiting ribben op sluitring;","4","Vierde travee",,"west",
"RM40295MU5","RM40295","5a","5a koppen van heiligen (overschildering verwijderd)en wijdingskruis","5","Tweede travee","noordzijde","west",
"RM40295MU6","RM40295","6","6 restant heilige met kroon en staf (overschildering verwijderd);","6","Derde travee","noordzijde","west",
"RM40295MU7","RM40295","7","7 heilige bisschop (overschildering verwijderd);","7","Vierde travee","linker nis noordzijde","west",
"RM40295MU8","RM40295","8","8 Koor: resten van ranken onder in gewelven;","8","Koor",,,"onder in gewelven"
"RM40295MU9","RM40295","9","9 Laatste Oordeel (herkenbaar: Christus, in linker nis knielende Maria uit de Deësis, links beneden engelen en zaligen);","9","Derde travee","noordwand","west",
"RM40301MU1","RM40301","1","1 Koortravee: baksteenvlechtwerk op gewelf; rondstaven geometrisch beschilderd; in sluitring Lam Gods met kruisvaan, daaromheen in vier lobben evangelistensymbolen met telkens de naam op een banderol.","1","koortravee",,,
"RM40301MU2","RM40301","2","2 Noordwand koor: restanten bisschop, vermoedelijk Donatus; rode ranken; wijdingskruis.","2","koor",,"noord",
"RM40301MU3","RM40301","3","3 Zuidwand koor: tegen rode tapijtschildering met ranken van links naar rechts: Maria met Kind, Ursula, Sebastiaan, gekroonde figuur, waarschijnlijk keizer Diocletianus; wijdingskruis.","3","koor",,"zuid",
"RM40301MU4","RM40301","4","4. Op overblijfselen doksaal twee schilderlagen: op witte ondergrond Passie-scènes, ca. 1425, links (4a) geboeide Christus (?), rechts (4b) Opstanding; op de omlijstingen geometrische motieven, op de bogen ranken als in koor; nieuwe doxaalbeschildering, 2de helft 15de eeuw: apostelfiguren, vermoedelijk van een apostelreeks.","4","doksaal",,,
"RM40306MU1","RM40306","1","1 Baksteenimitatie; rode wanden met witte voegen, gewelven vlechtwerkverbanden rood/zwart/wit","1","schip, viering, transepten","gewelven en muren",,
"RM40306MU2","RM40306","2","2 restant bloemrank afwerkperiode 1525","2","schip","westelijke gewelf","west","zuidoostelijke gewelfveld"
"RM40306MU3","RM40306","3","3 afwerkperiode 1575: gestippeld rolwerk en blokken en cartouche (niet gehandhaafd)","3","viering","gewelf","oost","onderin oostelijke gewelfvelden naar het koor toe"
"RM40306MU4","RM40306","4","4 uitwendige beschildering noordportaal met blokverband en plantaardige motieven","4","buiten","portaal","noord","portaalbogen rond deuren"
"RM8247MU1","RM8247","1","1 Koorsluiting: bloemmotieven; in sluitring Lam Gods met kruisstaf.","1","koor","koorsluiting",,
"RM8247MU10","RM8247","10","10 Zuidelijke kapel: ranken met grotesken, maaswerk; overblijfsel datum-opschrift.","10","kapel",,"zuid",
"RM8247MU11","RM8247","11","11 Oostelijke schiptravee: cartouche (rolwerk): ANNO 1570 IN DER TYD ALS JASPERUS VOS PASTOER UND COM/MISSARI[US] IOHA[N] REINERS GALTHO AMSWEER UND RUTGER VAN TITZ KERCKVOE/GEDE[N] TE[N] DA[M]ME WEREN IS DESSE KERCKE REPAREERT UNDE GE- STOFFEERT. Van de beide wapen- schilden dat met pelikaan van Appingedam.","11","Schiptravee",,"oost",
"RM8247MU12","RM8247","12","12 Westelijke travee noorderzijbeuk: vaas met takken, spreukband, huismerken, kroon.","12","noorderzijbeuk","westelijk travee",,
"RM8247MU13","RM8247","13","13 Gewelf noorderkapel: blokvormige, gestippelde natuursteen-imitatie.","13","noorderkapel","gewelf ",,
"RM8247MU14","RM8247","14","14 Koorsluiting: Nicolaas met bij- schrift en jaartal [15]70","14","koor","koorsluiting",,
"RM8247MU2","RM8247","2","2 Noordelijk dwarspand: gotische drie-passen en lelies","2","noordelijk dwarspand",,,
"RM8247MU3","RM8247","3","3 Zuiderdwarspand: vanuit kapiteeltjes opschietend vlechtwerk van takken; bloemmotieven.","3","zuiderdwarspand",,,
"RM8247MU4","RM8247","4","4 Oostelijke schiptravee: middenrozet en ringen in de ribben als bloemen uitgewerkt, maaswerk.","4","oostelijk schiptravee",,"oost",
"RM8247MU5","RM8247","5","5 Westwand middenschip: maaswerk.","5","westelijk middentravee",,"west",
"RM8247MU6","RM8247","6","6 Westelijke schiptravee: decoratie met lelies en geometrische patronen.","6","westelijk schiptravee",,"west",
"RM8247MU7","RM8247","7","7 Westelijke schiptravee: Christus als Salvator Mundi, Andreas, wijdingskruis. Oostelijke schiptravee:","7","westelijk schiptravee",,"west",
"RM8247MU8","RM8247","8","8 Maria met Kind.","8",,,,
"RM8247MU9","RM8247","9","9 Viering: Vier Gekroonden (beschermheiligen van de bouw- lieden), met onderschriften en attributen; wapenschild met bouwgereedschap.","9","viering",,,
"RM9465MU1","RM9465","1","1 Decoratieve patronen in sluitring.","1","koor","koorgewelf","oost","sluitring"
"RM9465MU10","RM9465","10a","10a. Decoratieve cirkel","10","koor ","koorgewelf","noord",
"RM9465MU11","RM9465","10b","10b. Decoratieve cirkel","10","koor ","koorgewelf","noord",
"RM9465MU12","RM9465","10c","10c. Decoratieve cirkel","10","koor ","koorgewelf","noord",
"RM9465MU13","RM9465","10d","10d. Decoratieve cirkel","10","koor ","koorgewelf","noord",
"RM9465MU14","RM9465","10e","10e. Decoratieve cirkel","10","koor ","koorgewelf","noordoost",
"RM9465MU15","RM9465","10f","10f. Decoratieve cirkel","10","koor ","koorgewelf","noordoost",
"RM9465MU16","RM9465","10g","10g. Decoratieve cirkel","10","koor ","koorgewelf","zuidoost",
"RM9465MU17","RM9465","10h","10h. Decoratieve cirkel","10","koor ","koorgewelf","zuidoost",
"RM9465MU18","RM9465","10i","10i. Decoratieve cirkel","10","koor ","koorgewelf","zuid",
"RM9465MU19","RM9465","10j","10j. Decoratieve cirkel","10","koor ","koorgewelf","zuid",
"RM9465MU2","RM9465","2","2 Gedeelte van een dier (mogelijk leeuw). ca. 1250","2","derde travee","gewelf","oost",
"RM9465MU20","RM9465","10k","10k. Decoratieve cirkel","10","koor ","koorgewelf","zuid",
"RM9465MU21","RM9465","9a","9a. Wijdingskruis","9","koor","zuidwand","zuidoost",
"RM9465MU22","RM9465","9b","9b. Wijdingskruis","9","koor","zuidwand","zuid",
"RM9465MU3","RM9465","3","3 Maiestas Domini; de namen van de vier evangelisten slechts fragmentarisch bewaard gebleven.","3","koor ","koorgewelf","oost","koorsluiting"
"RM9465MU4","RM9465","4","4 Catharina van Alexandrië met rad","4","koor","koorgewelf","noordoost",
"RM9465MU5","RM9465","5","5 Maria met Kind.","5","koor ","koorgewelf","zuidoost",
"RM9465MU6","RM9465","6","6 Kroning van Maria","6","koor ","koorgewelf","noord",
"RM9465MU7","RM9465","7","7 Gregorius de Grote","7","derde travee","gewelf ","oost",
"RM9465MU8","RM9465","8","8 Sebastiaan; fabeldier van 14de-eeuwse beschildering.","8","derde travee ","gewelf","oost",
"RM9465MU9","RM9465","9","9 Wijdingskruis","9","koor","noordwand ","noordoost",
"RM9469MU1","RM9469","1","1 Lam Gods in sluitring; restanten van evangelistensymbolen.","1",,,,
"RM9469MU2","RM9469","2","2 Heilige met zwaard en daarboven vermoedelijk klaverblad.","2",,,,
"RM9469MU3","RM9469","3","3 Catharina van Alexandrië.","3",,,,
"RM9469MU4","RM9469","4","4 Heilige met zwaard (waarschijnlijk Pancratius).","4",,,,
"RM9469MU5","RM9469","5","5 Maria met Kind.","5",,,,
"RM9469MU6","RM9469","6","6 Vrouw in 16de-eeuwse kledij.","6",,,,
"RM9469MU7","RM9469","7","7 In elk gewelfveld man in Spaans geïnspireerde kledij; in sluitring hert.","7",,,,
"RM9469MU8","RM9469","8","8 Cartouche: A.D. [1571] HANS VAN DER STRA/LEN MIT SINE KNECHTEN VENKEHOEST VAN NORDEN, ABEL JOHAN VAN NORDEN, HELMOEDT [...]EKE VAN NORDEN, met daarboven een huismerk.","8","gewelfvelden",,,
"RM9469MU9","RM9469","9","9 Cartouche: INT IAER 1571 IS DESSE KERK NEIS GERE/PARERT UNDE GHESTOFFERT BII TIDEN ALS DEN / ERBAREN ERRENTFESTE LUIT KLANT IO[N]CKER UNDE HOVELI[N]CK/TOE GODLINSE D[OMINUS] IO[ANN]ES BUTER IA[N]ES IA[N]SE[N] PETER ABELS KERCKVOGEDEN WEREN. De twee aanhangende wapenschilden ter linkerzijde resp. Clant en Rengers, van de twee daarnaast heraldische kenmerken verdwenen, bij rechter schild huismerk Peter Abels.","9",,,,
"RM9474MU1","RM9474","1","1 Op vieringgewelf fragmenten van achtereenvolgende perioden opschrift 2de periode [ANNO DOMIN]I MCCCCLXII POP[TATUS] DE EMEDA CURA[TUS] […] BEND […] ernaast dubbele zwarte adelaar; 1ste kwart 16de eeuw: evangelistensymbolen, vrouwelijke heilige, Antonius Abt (fragment), Stephanus; ca. 1570: mannenkop met Spaanse hoed (vgl. Godlinze), mogelijk uit deze tijd ook grote bloemen in rood.","1","vieringgewelf",,,
"RM9474MU1a","RM9474","1","1a ornamentale beschildering","1","viering","gewelf","oost",
"RM9474MU1b","RM9474","2","1b Dubbele zwarte adelaar + opschrift [ANNO DOMIN]I MCCCCLXII POP[TATUS] DE EMEDA CURA[TUS] […] BEND […]","2","viering","gewelf","oost","onderaan in de oostelijke gewelfvelden"
"RM9474MU1c","RM9474","3","1c Evangelistensymbolen, vrouwelijke heilige, Antonius Abt (fragment), Stephanus","3","viering","gewelf","oost","midden in alle gewelfvelden"
"RM9474MU1d","RM9474","4","1d Grote bloemen in rood.","4","viering","gewelf","oost","op verschillende locatioes in het gewelf"
"RM9474MU2","RM9474","2","2 Noorderdwarspand: uil en kraai, 1ste kwart 16de eeuw.","2","noorderdwarspand",,,
"RM9474MU3","RM9474","3","3 Noordwand schip: restanten van twee figuren, één als Sebastiaan herkenbaar, 1ste kwart 16de eeuw.","3","Schip","noordwand","noord",
"RM9474MU4","RM9474","7","4 Mannenkop met Spaanse hoed","7","schip","noordwand","noordwest","rechts naast het venster onderaan"
"RM9474MU5","RM9474","8","5 dierfiguur","8","schip","zuidwand","zuidwest",
"RM9474MU6","RM9474","9","6 wijdingskruis","9","schip","zuidwand","zuidwest","linksonderin de wand naast de viering"
"RM9474MU7","RM9474","10","7 twee vrouwen met dierfiguur rechtsboven","10","onbekend",,,"vermoedelijk gebroken muraalboog noordwand schip"
"RM9479MU1","RM9479","1","1 architectuurpolychromie met baksteenimitatie, vlechtwerkpatronen en geometrische motieven","1","koor en viering","twee oostelijke gewelven","oost","twee oostelijke traveeen"
"RM9479MU2","RM9479","2","2 band met ranken","2","viering","noordmuur","noord","halverwege de wand rechts"
"RM9479MU3","RM9479","3","3 rankwerk","3","schip","gewelf schip","west","hele gewelf"
"RM9479MU4","RM9479","4","4 wapenschild met troffel, winkelhaak, hamer en bijl","4","schip","gewelf","oost","oostzuidelijke gewelfveld"
"RM9479MU5","RM9479","5","5 rankwerk","5","torenportaal","gewelf","west","rond de sluitsteen"
"RM9780MU1","RM9780","1","1 Annunciatie; banderollen met,Ave gratia plena' en ,Ecce ancilla d[omi]ni'.","1","noorderdwarspand","zuidelijk gewelfveld","zuid",
"RM9780MU10","RM9780","9b","9b Evangelisten Lucas en johannes, met hun symbolen, namen in nimbus","9","viering","noordelijk gewelfveld","west",
"RM9780MU11","RM9780","10","10 grotesken en ranken.","10","Viering","westelijk gewelfveld","west",
"RM9780MU12","RM9780","11a","11a uit griffioen en draak samengestelde fabeldieren.","11","Koorgewelf","noordzijde","oost",
"RM9780MU13","RM9780","11b","11b uit griffioen en draak samengestelde fabeldieren","11","Koorgewelf","zuidzijde","oost",
"RM9780MU14","RM9780","12","12a wapenschilden. In aansluitende gewelfzwikken wapenschilden met huismerk en bouw gereedschap.","12","Noorderdwarspand","noordzijde","noord","onder in het gewelf links"
"RM9780MU15","RM9780","12b","12b wapenschilden","12","Noorderdwarspand","noordzijde","noord","onder in het gewelf rechts"
"RM9780MU16","RM9780","13a","13a geschilderd gordijn met laat-gotisch patroon.","13","noorderdwarspand","oostwand","oost",
"RM9780MU17","RM9780","13b","13b geschilderd gordijn met laat-gotisch patroon.","13","Noorderdwarspand","oostwand","oost",
"RM9780MU18","RM9780","13c","13c geschilderd gordijn met laat-gotisch patroon.","13","Zuiderdwarspand","oostwand","zuid",
"RM9780MU19","RM9780","13d","13d geschilderd gordijn met laat-gotisch patroon.","13","Zuiderdwarspand","oostwand","zuid",
"RM9780MU2","RM9780","2","2 Geboorte van Christus (type,Adoravit quem genuit'), met herders, os en ezel.","2","Noorderdwarspand","westelijk gewelfveld","west",
"RM9780MU20","RM9780","14a","14a wijdingskruis noord","14","Noorderdwarspand","westwand","west",
"RM9780MU21","RM9780","14b","14b wijdingskruis zuid","14","Zuiderdwarspand","westwand","west",
"RM9780MU22","RM9780","15","15 tekstbanderol met ranken","15","vieringgewelf","oostelijk gewelfveld","oost",
"RM9780MU23","RM9780","16","16 mensfiguren met ranken","16","vieringgewelf","westelijk gewelfveld","west",
"RM9780MU24","RM9780","17","17 ranken met vis menskop","17","koorgewelf","oostelijk gewelfveld","oost",
"RM9780MU25","RM9780","18a","18a ranken met vazen","18","koorgewelf","oostzuidhoek","zuidoost","onderin gewelf"
"RM9780MU26","RM9780","18b","18b ranken met narren","18","koorgewelf","zuidwesthoek","zuidwest","onderin gewelf"
"RM9780MU27","RM9780","18c","18c ranken met mensfiguren","18","koorgewelf","noordoosthoek","noordoost","onderin gewelf"
"RM9780MU28","RM9780","19","19 geschilderd gordijn en lambrisering","19","koor","oostwand","oost",
"RM9780MU3","RM9780","3","3 Aanbidding der Koningen.","3","Noorderdwarspand","noordelijk gewelfveld","noord",
"RM9780MU4","RM9780","4","4 Dood en Tenhemelopneming van Maria in aanwezigheid apostelen; engelen dragen haar ten hemel; in boek signatuur schilder: Joannis / me fecit' (Johannes heeft mij gemaakt).","4","Noorderdwarspand","noordelijk gewelfveld","noord",
"RM9780MU5","RM9780","5","5 Gebed op de Olijfberg.","5","Zuiderdwarspand","noordelijk gewelfveld","noord",
"RM9780MU6","RM9780","6","6 Christus voor Pilatus met wetsrol en rechterstaf.","6","Zuiderdwarspand","oostelijk gewelfveld","oost",
"RM9780MU7","RM9780","7","7 Kruisiging met Maria en Johannes de Evangelist. Naast Maria knielende stichtersfiguur met onleesbare banderol.","7","Zuiderdwarspand","zuidelijk gewelfveld","zuid",
"RM9780MU8","RM9780","8","8 Opstanding; Christus met kruisnimbus en kruisbanier, slapende soldaten.","8","Zuiderdwarspand","westelijk gewelfveld","west",
"RM9780MU9","RM9780","9a","9a Evangelisten Mattheus en Marcus met hun symbolen; namen in nimbus","9","viering","zuidelijk gewelfveld","west",
