"id","muurschildering","terugkerende_problematiek","inspectiefrequentie","externe_factoren","gehele_concept_aanwezig","percentage_aanwezig","percentage_origineel_werk","aanwezigheid_van_retouches","aangebrachte_restauratie_lagen","ondergrond","verf","vlekken","microbacterieel","zouten","restauratiepleisterwerk","pleister","scheuren","verfbeschadigingen","verkleuring","schade_opmerkingen","schade_vastgesteld_op","schade_vastgesteld_door","hoe_vastgesteld"
"1","RM9465MU1","Spanningsverschillen en verstoord vochttransport door cementgebruik.","10 tot 15 jaar","aardbevingen, klimatologische schommelingen","Ja","100%","40%","40%","verflagen","goed",,"10%","onbetekenend","onbetekenend","cement additief ",,"onbetekenend",,"10%",,"3/21/24","Nanon Journée","vanaf de steiger / na werkzaamheden"
"2","RM9465MU2","Oudere afwerking onder jongere afwerking","10 tot 15 jaar","aardbevingen, klimatologische schommelingen","Nee","80%","50%","40%","verflagen","goed",,"0%","onbetekenend","onbetekenend","cement additief ",,"onbetekenend","10%","0%",,"3/21/24","Nanon Journée","vanaf de steiger / na werkzaamheden"
"3","RM9465MU3","Spanningsverschillen en verstoord vochttransport door cementgebruik.","10 tot 15 jaar","aardbevingen, klimatologische schommelingen","Nee","90%","40%","60%","verflagen","redelijk",,"10%","onbetekenend","in mindere mate","cement additief ","onthecht","onbetekenend","10%","10%","Pleisterlaag langs randen is kwetsbaar vanwege harde cementvullingen uit restauratieperiode 1","3/21/24","Nanon Journée","vanaf de steiger / na werkzaamheden"
"4","RM9465MU4","Spanningsverschillen en verstoord vochttransport door cementgebruik.","10 tot 15 jaar","aardbevingen, klimatologische schommelingen","Ja","100%","50%","50%","verflagen","redelijk",,"10%","onbetekenend","in grote mate","cement additief ","onthecht; craquelé","onbetekenend","10%","0%","Hygroscopische zouten; restauratievullingen van 2019 zijn hygroscopisch","3/21/24","Nanon Journée","vanaf de steiger / na werkzaamheden"
"5","RM9465MU5","Spanningsverschillen en verstoord vochttransport door cementgebruik.","10 tot 15 jaar","aardbevingen, klimatologische schommelingen","Ja","100%","70%","30%","verlagen","redelijk",,"0%","onbetekenend","onbetekenend","cement additief ","onthecht; craquele","onbetekenend","10%","0%",,"3/21/24","Nanon Journée","vanaf de steiger / na werkzaamheden"
"6","RM9465MU6","Spanningsverschillen en verstoord vochttransport door cementgebruik.","10 tot 15 jaar","aardbevingen, klimatologische schommelingen","Nee","90%","30%","70%","verflagen","redelijk",,"0%","onbetekenend","onbetekenend","cement additief ","craquelé","onbetekenend","10%","20%",,"3/21/24","Nanon Journée","vanaf de steiger / na werkzaamheden"
"7","RM9465MU7","Spanningsverschillen en verstoord vochttransport door cementgebruik.","10 tot 15 jaar","aardbevingen, klimatologische schommelingen","Ja","100%","80%","20%","verflagen","matig",,"0%","onbetekenend","onbetekenend","cement additief ","onthecht","onbetekenend","10%","10%","Originele pleisterlaag en schildering is omgeven door cementgebonden pleister","3/21/24","Nanon Journée","vanaf de steiger / na werkzaamheden"
"8","RM9465MU8","Spanningsverschillen en verstoord vochttransport door cementgebruik.","10 tot 15 jaar","aardbevingen, klimatologische schommelingen","Ja","100%","80%","20%","verflagen","matig",,"0%","onbetekenend","onbetekenend","cement additief ","onthecht","onbetekenend","10%","10%",,"3/21/24","Nanon Journée","vanaf de steiger / na werkzaamheden"
"9","RM9465MU9","Spanningsverschillen en verstoord vochttransport door cementgebruik.","10 tot 15 jaar","aardbevingen, klimatologische schommelingen","Nee","80%","70%","10%","verflagen","matig",,"10%","onbetekenend","in grote mate","cement additief ",,"onbetekenend","20%","0%","In kwetsbare zoutbelastte omgeving","3/21/24","Nanon Journée","vanaf de steiger / na werkzaamheden"
"10","RM9465MU21","Spanningsverschillen en verstoord vochttransport door cementgebruik.","10 tot 15 jaar","aardbevingen, klimatologische schommelingen","Nee","70%","70%","10%","verflagen","matig",,"0%","onbetekenend","in grote mate","cement additief ",,"onbetekenend","10%","30%","In kwetsbare zoutbelastte omgeving","3/21/24","Nanon Journée","vanaf de steiger / na werkzaamheden"
"11","RM9465MU22","Spanningsverschillen en verstoord vochttransport door cementgebruik.","10 tot 15 jaar","aardbevingen, klimatologische schommelingen","Nee","90%","90%","10%","verflagen","matig",,"20%","onbetekenend","in grote mate","cement additief ",,"onbetekenend","10%","10%","In kwetsbare zoutbelastte omgeving, deels afgeschermd door houten kerkbank","3/21/24","Nanon Journée","vanaf de steiger / na werkzaamheden"
"12","RM9465MU10","Spanningsverschillen en verstoord vochttransport door cementgebruik.","10 tot 15 jaar","aardbevingen, klimatologische schommelingen","Ja","100%","90%","10%","verflagen","goed",,"0%","onbetekenend","onbetekenend","cement additief ",,"onbetekenend","10%","0%",,"3/21/24","Nanon Journée","vanaf de steiger / na werkzaamheden"
"13","RM9465MU11","Spanningsverschillen en verstoord vochttransport door cementgebruik.","10 tot 15 jaar","aardbevingen, klimatologische schommelingen","Nee","80%","60%","30%","verflagen","goed",,"10%","onbetekenend","onbetekenend","cement additief ",,"onbetekenend","10%","0%",,"3/21/24","Nanon Journée","vanaf de steiger / na werkzaamheden"
"14","RM9465MU12","Spanningsverschillen en verstoord vochttransport door cementgebruik.","10 tot 15 jaar","aardbevingen, klimatologische schommelingen","Ja","100%","50%","50%","verflagen","goed",,"10%","onbetekenend","onbetekenend","cement additief ",,"onbetekenend","10%","10%","Handtekening J.W. Lanting (weggekrabt)","3/21/24","Nanon Journée","vanaf de steiger / na werkzaamheden"
"15","RM9465MU13","Spanningsverschillen en verstoord vochttransport door cementgebruik.","10 tot 15 jaar","aardbevingen, klimatologische schommelingen","Nee","50%","30%","70%","verflagen","goed",,"0%","onbetekenend","onbetekenend","cement additief ",,"onbetekenend","10%","0%",,"3/21/24","Nanon Journée","vanaf de steiger / na werkzaamheden"
"16","RM9465MU14","Spanningsverschillen en verstoord vochttransport door cementgebruik.","10 tot 15 jaar","aardbevingen, klimatologische schommelingen","Nee","50%","60%","40%","verflagen","goed",,"0%","onbetekenend","onbetekenend","cement additief ",,"onbetekenend","10%","0%",,"3/21/24","Nanon Journée","vanaf de steiger / na werkzaamheden"
"17","RM9465MU15","Spanningsverschillen en verstoord vochttransport door cementgebruik.","10 tot 15 jaar","aardbevingen, klimatologische schommelingen","Nee","90%","0%","100%","verflagen","goed",,"0%","onbetekenend","onbetekenend","cement additief ",,"onbetekenend","0%","0%","Geheel reconstructie","3/21/24","Nanon Journée","vanaf de steiger / na werkzaamheden"
"18","RM9465MU16","Spanningsverschillen en verstoord vochttransport door cementgebruik.","10 tot 15 jaar","aardbevingen, klimatologische schommelingen","Nee","90%","70%","30%","verflagen","goed",,"10%","onbetekenend","onbetekenend","cement additief ",,"onbetekenend","10%","10%",,"3/21/24","Nanon Journée","vanaf de steiger / na werkzaamheden"
"19","RM9465MU17","Spanningsverschillen en verstoord vochttransport door cementgebruik.","10 tot 15 jaar","aardbevingen, klimatologische schommelingen","Nee","70%","30%","60%","verflagen","goed",,"0%","onbetekenend","onbetekenend","cement additief ",,"onbetekenend","10%","0%",,"3/21/24","Nanon Journée","vanaf de steiger / na werkzaamheden"
"20","RM9465MU18","Spanningsverschillen en verstoord vochttransport door cementgebruik.","10 tot 15 jaar","aardbevingen, klimatologische schommelingen","Ja","100%","40%","60%","verflagen","goed",,"0%","onbetekenend","onbetekenend","cement additief ",,"onbetekenend","10%","20%",,"3/21/24","Nanon Journée","vanaf de steiger / na werkzaamheden"
"21","RM9465MU19","Spanningsverschillen en verstoord vochttransport door cementgebruik.","10 tot 15 jaar","aardbevingen, klimatologische schommelingen","Ja","100%","40%","60%","verflagen","goed",,"0%","onbetekenend","onbetekenend","cement additief ",,"onbetekenend","0%","0%",,"3/21/24","Nanon Journée","vanaf de steiger / na werkzaamheden"
"22","RM9465MU20","Spanningsverschillen en verstoord vochttransport door cementgebruik.","10 tot 15 jaar","aardbevingen, klimatologische schommelingen","Ja","100%","20%","80%","verflagen","goed",,"0%","onbetekenend","onbetekenend","cement additief ",,"onbetekend","10%","0%",,"3/21/24","Nanon Journée","vanaf de steiger / na werkzaamheden"
"23","RM40295MU1","vochttransporten en zouten","10 tot 15 jaar","verzakkingen, aardbevingen, klimatologische schommelingen","Ja","100%","30%","70%",,"goed",,"0%","onbetekenend","in mindere mate","cement additief",,"in mindere mate","30%","10%","kwetsbaar door dunne kalei pleister als ondergrond","1/1/23","Aafje Bouwhuis","vanaf de steiger / na werkzaamheden"
"24","RM40295MU2",,"15 tot 20 jaar","verzakkingen, aardbevingen, klimatologische schommelingen","Nee","70%","20%","80%","verflagen","redelijk",,"20%","onbetekenend","in mindere mate","cement additief",,"in mindere mate","10%","30%","Dunne restauratiesaus wordt steeds sleetser.","1/1/23","Aafje Bouwhuis","vanaf de steiger / na werkzaamheden"
"25","RM40295MU3",,"15 tot 20 jaar","verzakkingen, aardbevingen, klimatologische schommelingen","Nee","90%","70%","10%",,"goed",,"0%","onbetekenend","onbetekenend","cement additief",,"onbetekenend","20%",,,"1/1/23","Aafje Bouwhuis","vanaf de steiger / na werkzaamheden"
"26","RM40295MU4",,"15 tot 20 jaar","verzakkingen, aardbevingen, klimatologische schommelingen","Nee",,"60%","0%",,"goed",,"10%","onbetekenend","onbetekenend","cement additief",,"onbetekenend",,,"alleen dunne verf over baksteen.","1/1/23","Aafje Bouwhuis","vanaf de steiger / na werkzaamheden"
"27","RM40295MU5","vochttransporten en zouten","10 tot 15 jaar","verzakkingen, aardbevingen, klimatologische schommelingen","Nee","20%","80%","10%",,"matig",,"70%","in mindere mate","omvangrijk","cement additief",,"onbetekenend",,,,"1/1/23","Aafje Bouwhuis","vanaf de steiger / na werkzaamheden"
"28","RM40295MU6","vochttransporten en zouten","10 tot 15 jaar","verzakkingen, aardbevingen, klimatologische schommelingen","Nee","10%","90%","10%",,"redelijk",,"0%","in mindere mate","omvangrijk","cement additief",,"onbetekenend",,,,"1/1/23","Aafje Bouwhuis","vanaf de steiger / na werkzaamheden"
"29","RM40295MU7","vochttransporten en zouten","10 tot 15 jaar","verzakkingen, aardbevingen, klimatologische schommelingen","Nee","80%","80%","10%",,"matig","corrosie","50%","in mindere mate","in grote mate","cement additief",,"onbetekenend",,,,"1/1/23","Aafje Bouwhuis","vanaf de steiger / na werkzaamheden"
"30","RM40295MU8","vochttransporten en zouten","10 tot 15 jaar","verzakkingen, aardbevingen, klimatologische schommelingen","Nee","50%","90%","0%",,"redelijk",,"20%","onbetekenend","omvangrijk","cement additief",,"onbetekenend",,,,"1/1/23","Aafje Bouwhuis","vanaf de steiger / na werkzaamheden"
"31","RM40295MU9","vochttransporten en zouten","10 tot 15 jaar","verzakkingen, aardbevingen, klimatologische schommelingen","Nee","40%","70%","30%",,"matig","corrosie","40%","in mindere mate","omvangrijk","cement additief",,"in grote mate",,"20%",,"1/1/23","Aafje Bouwhuis","vanaf de steiger / na werkzaamheden"
"32","RM40295MU10",,"15 tot 20 jaar","verzakkingen, aardbevingen, klimatologische schommelingen","Nee","70%","80%","10%",,"goed",,"10%","onbetekenend","in mindere mate","cement additief",,"in grote mate",,,,"1/1/23","Aafje Bouwhuis","vanaf de steiger / na werkzaamheden"
"33","RM40295MU11","vochttransporten en zouten","10 tot 15 jaar","verzakkingen, aardbevingen, klimatologische schommelingen","Nee","60%","80%","10%",,"slecht","corrosie","40%","in mindere mate","omvangrijk","cement additief",,"in grote mate",,,,"1/1/23","Aafje Bouwhuis","vanaf de steiger / na werkzaamheden"
"34","RM40295MU12","vochttransporten en zouten","10 tot 15 jaar","verzakkingen, aardbevingen, klimatologische schommelingen","Nee",,"80%","10%",,"redelijk",,"10%","onbetekenend","in mindere mate","cement additief",,"onbetekenend",,,,"1/1/23","Aafje Bouwhuis","vanaf de steiger / na werkzaamheden"
"35","RM40295MU13","vochttransporten en zouten","10 tot 15 jaar","verzakkingen, aardbevingen, klimatologische schommelingen","Nee",,"70%","10%",,"redelijk",,"0%","onbetekenend","in mindere mate","cement additief",,"onbetekenend",,,"kwetsbaar door dunne kalei pleister als ondergrond","1/1/23","Aafje Bouwhuis","vanaf de steiger / na werkzaamheden"
"36","RM40295MU14","vochttransporten en zouten","10 tot 15 jaar","verzakkingen, aardbevingen, klimatologische schommelingen","Nee","10%","90%","10%",,"slecht",,"90%","in grote mate","omvangrijk","cement additief",,"onbetekenend",,,,"1/1/23","Aafje Bouwhuis","vanaf de steiger / na werkzaamheden"
"37","RM40295MU15",,"15 tot 20 jaar","verzakkingen, aardbevingen, klimatologische schommelingen","Nee","90%","90%","10%",,"goed",,"10%","onbetekenend","onbetekenend","cement additief",,"in mindere mate",,,,"1/1/23","Aafje Bouwhuis","vanaf de steiger / na werkzaamheden"
"38","RM40295MU16",,"15 tot 20 jaar","verzakkingen, aardbevingen, klimatologische schommelingen","Nee","90%","90%","10%",,"goed",,"10%","onbetekenend","onbetekenend","cement additief",,"in mindere mate",,,,"1/1/23","Aafje Bouwhuis","vanaf de steiger / na werkzaamheden"
"39","RM40295MU17",,"15 tot 20 jaar","verzakkingen, aardbevingen, klimatologische schommelingen","Nee","90%","90%","10%",,"goed",,"10%","onbetekenend","onbetekenend","cement additief",,"in mindere mate",,,,"1/1/23","Aafje Bouwhuis","vanaf de steiger / na werkzaamheden"
"40","RM40295MU18",,"15 tot 20 jaar","verzakkingen, aardbevingen, klimatologische schommelingen","Nee","90%","90%","10%",,"goed",,"10%","onbetekenend","onbetekenend","cement additief",,"in mindere mate",,,,"1/1/23","Aafje Bouwhuis","vanaf de steiger / na werkzaamheden"
"41","RM40295MU19",,"15 tot 20 jaar","verzakkingen, aardbevingen, klimatologische schommelingen","Nee","90%","80%","20%",,"goed",,"10%","onbetekenend","onbetekenend","cement additief",,"in mindere mate",,,,"1/1/23","Aafje Bouwhuis","vanaf de steiger / na werkzaamheden"
"42","RM40295MU20",,"15 tot 20 jaar","verzakkingen, aardbevingen, klimatologische schommelingen","Nee","90%","70%","10%",,"goed",,"10%","onbetekenend","onbetekenend","cement additief",,"in mindere mate",,,,"1/1/23","Aafje Bouwhuis","vanaf de steiger / na werkzaamheden"
"43","RM40295MU21",,"15 tot 20 jaar","verzakkingen, aardbevingen, klimatologische schommelingen","Nee","90%","90%","10%",,"goed",,"10%","onbetekenend","onbetekenend","cement additief",,"in mindere mate",,,,"1/1/23","Aafje Bouwhuis","vanaf de steiger / na werkzaamheden"
"44","RM40295MU22",,"15 tot 20 jaar","verzakkingen, aardbevingen, klimatologische schommelingen","Nee","90%","90%","10%",,"goed",,"10%","onbetekenend","onbetekenend","cement additief",,"in mindere mate",,,,"1/1/23","Aafje Bouwhuis","vanaf de steiger / na werkzaamheden"
"45","RM40295MU23",,"15 tot 20 jaar","verzakkingen, aardbevingen, klimatologische schommelingen","Nee","90%","80%","20%",,"goed",,"10%","onbetekenend","onbetekenend","cement additief",,"in mindere mate",,,,"1/1/23","Aafje Bouwhuis","vanaf de steiger / na werkzaamheden"
"46","RM40295MU24",,"15 tot 20 jaar","verzakkingen, aardbevingen, klimatologische schommelingen","Nee","90%","80%","20%",,"goed",,"10%","onbetekenend","onbetekenend","cement additief",,"in mindere mate",,,,"1/1/23","Aafje Bouwhuis","vanaf de steiger / na werkzaamheden"
"47","RM40295MU25",,"15 tot 20 jaar","verzakkingen, aardbevingen, klimatologische schommelingen","Nee","90%","80%","20%",,"goed",,"10%","onbetekenend","onbetekenend","cement additief",,"in mindere mate",,,,"1/1/23","Aafje Bouwhuis","vanaf de steiger / na werkzaamheden"
"48","RM40295MU26",,"15 tot 20 jaar","verzakkingen, aardbevingen, klimatologische schommelingen","Nee","70%","80%","10%",,"goed",,"10%","onbetekenend","in grote mate","cement additief",,"in mindere mate",,,,"1/1/23","Aafje Bouwhuis","vanaf de steiger / na werkzaamheden"
"49","RM40295MU27",,"15 tot 20 jaar","verzakkingen, aardbevingen, klimatologische schommelingen","Nee",,"50%","40%",,"redelijk",,"10%","onbetekenend","in mindere mate","cement additief",,"onbetekenend",,,,"1/1/23","Aafje Bouwhuis","vanaf de steiger / na werkzaamheden"
"50","RM40295MU28","vochttransporten en zouten","10 tot 15 jaar","verzakkingen, aardbevingen, klimatologische schommelingen","Nee",,"80%","10%",,"matig",,"10%","onbetekenend","in grote mate","cement additief",,"onbetekenend",,,"muurvlak rondom actieve vochttransporten","1/1/23","Aafje Bouwhuis","vanaf de steiger / na werkzaamheden"
"51","RM40295MU29",,"15 tot 20 jaar","verzakkingen, aardbevingen, klimatologische schommelingen","Nee",,"100%","0%",,"redelijk",,"30%","onbetekenend","in mindere mate","cement additief",,"onbetekenend",,,,"1/1/23","Aafje Bouwhuis","vanaf de steiger / na werkzaamheden"
"52","RM40295MU30","vochttransporten en zouten","10 tot 15 jaar","verzakkingen, aardbevingen, klimatologische schommelingen","Nee",,"60%","30%",,"slecht",,"40%","onbetekenend","omvangrijk","cement additief",,"onbetekenend",,,,"1/1/23","Aafje Bouwhuis","vanaf de steiger / na werkzaamheden"
"53","RM40295MU31","vochttransporten en zouten","10 tot 15 jaar","verzakkingen, aardbevingen, klimatologische schommelingen","Nee",,"50%","50%",,"matig","bladderend","80%","onbetekenend","omvangrijk","cement additief",,"in mindere mate",,,,"1/1/23","Aafje Bouwhuis","vanaf de steiger / na werkzaamheden"
"54","RM40295MU32","vochttransporten en zouten","10 tot 15 jaar","verzakkingen, aardbevingen, klimatologische schommelingen","Nee",,"50%","50%",,"matig",,"50%","onbetekenend","omvangrijk","cement additief",,"in mindere mate",,,,"1/1/23","Aafje Bouwhuis","vanaf de steiger / na werkzaamheden"
"55","RM40295MU33",,"15 tot 20 jaar","verzakkingen, aardbevingen, klimatologische schommelingen","Nee","90%","90%","0%",,"redelijk",,"20%","onbetekenend","onbetekenend","cement additief",,"onbetekenend",,,,"1/1/23","Aafje Bouwhuis","vanaf de steiger / na werkzaamheden"
"56","RM26265MU1",,"15 tot 20 jaar","aardbevingen ","Nee","70%",,,,,,"10%","onbetekenend","onbetekenend",,,"in grote mate","10%",,,"3/26/24","Nanon Journée","na inspectie vanaf de grond"
"57","RM26265MU2",,"15 tot 20 jaar","aardbevingen","Ja",,"80%","20%","verflagen",,,"10%","onbetekenend","onbetekenend",,,"onbetekenend","10%",,,"3/26/24","Nanon Journée","na inspectie vanaf de grond"
"58","RM26265MU3","onthechting","twee tot 5","aardbevingen","Ja",,,,,,,,,,,,,,,,"3/26/24","Nanon Journée","na inspectie vanaf de grond"
"59","RM26265MU11","onthechting","twee tot 5","aardbevingen","Ja",,"90%","10%","verflagen","slecht",,"20%","in mindere mate","onbetekenend",,"onthecht; craquelé","in mindere mate","10%","10%",,"3/26/24","Nanon Journée","na inspectie vanaf de grond"
"60","RM26265MU12","onthechting","twee tot 5","aardbevingen","Ja",,"70%","30%","verflagen","slecht",,"30%","in mindere mate","onbetekenend",,"onthecht; craquelé, lacunes","in grote mate","20%","20%",,"3/26/24","Nanon Journée","na inspectie vanaf de grond"
"61","RM26265MU13","onthechting","twee tot 5","aardbevingen","Ja",,"80%","20%","verflagen","slecht",,"20%","in grote mate","onbetekenend",,"onthecht; craquelé","in grote mate","10%","10%",,"3/26/24","Nanon Journée","na inspectie vanaf de grond"
"62","RM26265MU14","onthechting","twee tot 5","aardbevingen","Ja",,"50%","50%","verlagen","slecht",,"20%","in mindere mate","in mindere mate",,"onthecht; craquelé, lacunes","in grote mate","10%","20%","Schade o.a. ontstaan door lekkage bovenliggende zakgoot","3/26/24","Nanon Journée","na inspectie vanaf de grond"
"63","RM26265MU4","onthechting","twee tot 5","aardbevingen","Ja",,,,,,,,,,,,,,,,"3/26/24","Nanon Journée","na inspectie vanaf de grond"
"64","RM26265MU15","onthechting","twee tot 5","aardbevingen","Ja",,"90%","10%","verflagen","slecht",,"10%","in mindere mate","onbetekenend",,"onthecht; craquelé","onbetekenend","10%","10%",,"3/26/24","Nanon Journée","na inspectie vanaf de grond"
"65","RM26265MU16","onthechting","twee tot 5","aardbevingen","Ja",,"90%","10%"," verflagen","slecht",,"20%","in grote mate","onbetekenend",,"onthecht; craquelé","in mindere mate","10%","10%",,"3/26/24","Nanon Journée","na inspectie vanaf de grond"
"66","RM26265MU17","onthechting","twee tot 5","aardbevingen","Ja",,"80%","20%","verflagen","slecht",,"10%","in mindere mate","onbetekenend","synthetisch additief","onthecht; craquelé","in grote mate","10%","10%",,"3/26/24","Nanon Journée","na inspectie vanaf de grond"
"67","RM26265MU18","onthechting","twee tot 5","aardbevingen","Ja",,"30%","70%","verflagen","slecht",,"90%","in mindere mate","in mindere mate","synthetisch additief","onthecht; craquelé","in mindere mate","70%","10%","Schade o.a. ontstaan door lekkage bovenliggende zakgoot","3/26/24","Nanon Journée","na inspectie vanaf de grond"
"68","RM26265MU5","onthechting","vijf tot 10 jaar","aardbevingen","Nee","90%","50%","30%","verlagen","matig",,"10%",,"in mindere mate",,"onthecht","onbetekenend","10%","10%","Schade onderzijde vermoedelijk ontstaan door lekkage bovenliggende zakgoot","3/26/24","Nanon Journée","na inspectie vanaf de grond"
"69","RM26265MU35",,"15 tot 20 jaar","aardbevingen","Ja",,"90%","10%","verflagen",,,"20%",,,,,"onbetekenend","10%","10%",,"3/26/24","Nanon Journée","na inspectie vanaf de grond"
"70","RM26265MU36","scheurvorming","15 tot 20 jaar","aardbevingen","Ja",,"80%","20%"," verflagen",,,"20%",,,"cement additief","onthecht; lacunes","in mindere mate","10%","10%",,"3/26/24","Nanon Journée","na inspectie vanaf de grond"
"71","RM26265MU6",,"15 tot 20 jaar","aardbevingen","Nee","90%",,,,,,,,,,,,,,,"3/26/24","Nanon Journée","na inspectie vanaf de grond"
"72","RM26265MU19",,"15 tot 20 jaar","aardbevingen","Ja",,"90%","10%","verflagen",,,"10%",,,,,"onbetekenend","10%","0%",,"3/26/24","Nanon Journée","na inspectie vanaf de grond"
"73","RM26265MU20",,"15 tot 20 jaar","aardbevingen ","Nee","40%","60%","20%","verflagen",,,"20%",,,"cement additief","craquelé","onbetekenend","10%","10%","Rommelig geroutecheerde restauratievullingen","3/26/24","Nanon Journée","na inspectie vanaf de grond"
"74","RM26265MU7",,"15 tot 20 jaar","aardbevingen","Ja",,,,,,,,,,,,,,,,"3/26/24","Nanon Journée","na inspectie vanaf de grond"
"75","RM26265MU21",,"15 tot 20 jaar","aardbevingen","Ja",,"90%","10%","verflagen",,,"0%",,,,,"onbetekenend","10%","0%",,"3/26/24","Nanon Journée","na inspectie vanaf de grond"
"76","RM26265MU22","scheurvorming","15 tot 20 jaar","aardbevingen","Ja",,"60%","40%","verflagen",,,"20%",,,,,"in mindere mate","10%","10%",,"3/26/24","Nanon Journée","na inspectie vanaf de grond"
"77","RM26265MU23",,"15 tot 20 jaar","aardbevingen ","Ja",,"60%","40%","verflagen",,,"10%",,,,"craquelé","in mindere mate","10%","10%","Eerste (nood)conservatie waarbij met plankjes het pleisterwerk bij elkaar werd gehouden en ijzeren beugels om ribben waren bevestigd.","3/26/24","Nanon Journée","na inspectie vanaf de grond"
"78","RM26265MU24","scheurvorming","15 tot 20 jaar","aardbevingen ","Ja",,"50%","50%","verflagen",,,"0%",,"in mindere mate",,"craquelé","in mindere mate","10%","20%","Witte waas eventueel lichte zoutuitbloei?","3/26/24","Nanon Journée","na inspectie vanaf de grond"
"79","RM26265MU8",,"15 tot 20 jaar","aardbevingen ","Ja",,,,,,,,,,,,,,,,"3/26/24","Nanon Journée","na inspectie vanaf de grond"
"80","RM26265MU25",,"15 tot 20 jaar","aardbevingen ","Ja",,"90%","10%","verflagen",,,"10%",,,,"craquelé","onbetekenend","10%","10%",,"3/26/24","Nanon Journée","na inspectie vanaf de grond"
"81","RM26265MU26",,"15 tot 20 jaar","aardbevingen ","Ja",,"90%","10%","verflagen",,,"10%",,,,"craquelé","in mindere mate","10%","10%",,"3/26/24","Nanon Journée","na inspectie vanaf de grond"
"82","RM26265MU27",,"15 tot 20 jaar","aardbevingen ","Ja",,"60%","40%","verflagen",,,"20%",,,"cement additief","craquelé","in grote mate","20%","10%",,"3/26/24","Nanon Journée","na inspectie vanaf de grond"
"83","RM26265MU28",,"15 tot 20 jaar","aardbevingen ","Nee","90%","90%","10%","verflagen",,,"10%",,,,"craquelé","in grote mate","10%","20%",,"3/26/24","Nanon Journée","na inspectie vanaf de grond"
"84","RM26265MU9",,"15 tot 20 jaar","aardbevingen","Nee","90%",,,,,,,,,,,,,,,"3/26/24","Nanon Journée","na inspectie vanaf de grond"
"85","RM26265MU29",,"15 tot 20 jaar","aardbevingen ","Ja",,"50%","50%","verflagen",,,"0%",,,,"craquelé","onbetekenend","10%","0%",,"3/26/24","Nanon Journée","na inspectie vanaf de grond"
"86","RM26265MU30",,"15 tot 20 jaar","aardbevingen","Ja",,"90%","10%","verflagen",,,"10%",,,,"craquelé","onbetekenend","10%","20%","Donkere verkleuringen ontstaan na restauratie jaren '50","3/26/24","Nanon Journée","na inspectie vanaf de grond"
"87","RM26265MU31",,"15 tot 20 jaar","aardbevingen","Nee","90%","50%","50%","verflagen",,,"10%",,,,"craquelé","in grote mate","10%","20%","Donkere verkleuringen ontstaan na restauratie jaren '50","3/26/24","Nanon Journée","na inspectie vanaf de grond"
"88","RM26265MU32",,"15 tot 20 jaar","aardbevingen","Nee","90%","60%","40%","verflagen",,,"10%",,,,"craquelé","in grote mate","10%","10%",,"3/26/24","Nanon Journée","na inspectie vanaf de grond"
"89","RM26265MU33",,"15 tot 20 jaar","aardbevingen ","Nee","90%","70%","30%","verflagen",,,"20%",,,,"craquelé","in mindere mate","10%","10%",,"3/26/24","Nanon Journée","na inspectie vanaf de grond"
"90","RM26265MU34",,"15 tot 20 jaar","aardbevingen","Nee","60%","90%","10%","verflagen",,,"10%",,,,"craquelé; lacunes","in mindere mate","20%","10%",,"3/26/24","Nanon Journée","na inspectie vanaf de grond"
"91","RM26265MU37",,,,,,,,,,,,,,,,,,,,"3/26/24","Nanon Journée","na inspectie vanaf de grond"
"92","RM26265MU38",,,,,,,,,,,,,,,,,,,,"3/26/24","Nanon Journée","na inspectie vanaf de grond"
"93","RM26270MU1","vochttransporten en zouten",,"klimatologische schommelingen","Ja","100%","20%","80%",,"redelijk","bladderend","10%","onbetekenend","in grote mate","cement additief","loszittend","onbetekenend","30%",,,"1/1/17","Aafje Bouwhuis","vanaf de steiger / na werkzaamheden"
"94","RM26270MU2","vochttransporten en zouten",,"klimatologische schommelingen","Nee",,"70%","30%","fixatief","redelijk","bladderend","10%","onbetekenend","in grote mate","cement additief","loszittend","onbetekenend","30%",,,"1/1/17","Aafje Bouwhuis","vanaf de steiger / na werkzaamheden"
"95","RM26270MU3","vochttransporten en zouten",,"verzakkingen, aardbevingen, klimatologische schommelingen","Nee","80%","60%","10%","fixatief","redelijk","bladderend","10%","onbetekenend","omvangrijk","cement additief","verzand","onbetekenend","50%",,"verfhuid van het oppervlak is voor een groot deel afgebladderd of afgepoederd, vermoedelijk door zoutuitbloei. Dit als gevolg van droging (klimaatschommeling) na restauratie jaren '50. ","1/1/17","Aafje Bouwhuis","vanaf de steiger / na werkzaamheden"
"96","RM26270MU4","vochttransporten en zouten",,"verzakkingen, aardbevingen, klimatologische schommelingen","Nee","60%",,,"fixatief","redelijk","bladderend","10%","onbetekenend","in grote mate","cement additief","verzand","in grote mate","20%",,,"1/1/17","Aafje Bouwhuis","vanaf de steiger / na werkzaamheden"
"97","RM26270MU5","vochttransporten en zouten",,"verzakkingen, aardbevingen, klimatologische schommelingen","Nee","50%",,,"fixatief","redelijk","bladderend","0%","onbetekenend","in grote mate","cement additief","verzand","onbetekenend","20%",,,"1/1/17","Aafje Bouwhuis","vanaf de steiger / na werkzaamheden"
"98","RM26270MU6","vochttransporten en zouten",,"verzakkingen, aardbevingen, klimatologische schommelingen","Nee","40%",,,"fixatief","redelijk","bladderend","0%","onbetekenend","in grote mate","cement additief","verzand","onbetekenend","70%",,,"1/1/17","Aafje Bouwhuis","vanaf de steiger / na werkzaamheden"
"99","RM26270MU7","vochttransporten en zouten",,"verzakkingen, aardbevingen, klimatologische schommelingen","Nee","10%",,,"fixatief","redelijk","bladderend","0%","onbetekenend","in grote mate","cement additief","verzand","onbetekenend","70%",,,"1/1/17","Aafje Bouwhuis","vanaf de steiger / na werkzaamheden"
"100","RM26270MU8","vochttransporten en zouten",,"verzakkingen, aardbevingen, klimatologische schommelingen","Nee","10%",,,"fixatief","redelijk","bladderend","0%","onbetekenend","in grote mate","cement additief","verzand","onbetekenend","70%",,,"1/1/17","Aafje Bouwhuis","vanaf de steiger / na werkzaamheden"
"101","RM9780MU1","vochttransporten en zouten","15 tot 20 jaar","klimatologische schommelingen","Nee","90%","80%","10%",,"redelijk",,"30%",,"in grote mate",,,"onbetekenend",,,"De restauratiekalkverf van al het omliggende restauratiepleisterwerk in de gewelven is na de grote restauratieperiode van de jaren '40 zwaar verkleurd geraakt in zwart gele tinten. Dit waarschijnlijk als gevolg van schimmels in de (caseine)kalkverf. Deze vlekken zijn tijdens de laatste restauratieperiode van 2013 gecamoufleerd met poederklei.","1/1/13","Aafje Bouwhuis","vanaf de steiger / na werkzaamheden"
"102","RM9780MU2","vochttransporten en zouten","15 tot 20 jaar","klimatologische schommelingen","Nee","70%","50%","20%",,"redelijk",,"30%",,"in grote mate",,,"onbetekenend",,,,"1/1/13","Aafje Bouwhuis","vanaf de steiger / na werkzaamheden"
"103","RM9780MU3","vochttransporten en zouten","15 tot 20 jaar","klimatologische schommelingen","Nee","90%","50%","40%",,"redelijk",,"30%",,"in grote mate",,,"onbetekenend",,,,"1/1/13","Aafje Bouwhuis","vanaf de steiger / na werkzaamheden"
"104","RM9780MU4","vochttransporten en zouten","15 tot 20 jaar","klimatologische schommelingen","Nee","90%","80%","10%",,"redelijk",,"30%",,"in grote mate",,,"onbetekenend",,,,"1/1/13","Aafje Bouwhuis","vanaf de steiger / na werkzaamheden"
"105","RM9780MU5","vochttransporten en zouten","15 tot 20 jaar","klimatologische schommelingen","Nee","80%","70%","30%",,"redelijk",,"30%",,"in grote mate",,,"onbetekenend",,,,"1/1/13","Aafje Bouwhuis","vanaf de steiger / na werkzaamheden"
"106","RM9780MU6","vochttransporten en zouten","15 tot 20 jaar","klimatologische schommelingen","Nee","80%","70%","30%",,"redelijk",,"30%",,"in grote mate",,,"onbetekenend",,,,"1/1/13","Aafje Bouwhuis","vanaf de steiger / na werkzaamheden"
"107","RM9780MU7","vochttransporten en zouten","15 tot 20 jaar","klimatologische schommelingen","Nee","70%","70%","30%",,"redelijk",,"30%",,"in grote mate",,,"onbetekenend",,,,"1/1/13","Aafje Bouwhuis","vanaf de steiger / na werkzaamheden"
"108","RM9780MU8","vochttransporten en zouten","15 tot 20 jaar","klimatologische schommelingen","Nee","70%","70%","30%",,"redelijk",,"30%",,"in grote mate",,,"onbetekenend",,,,"1/1/13","Aafje Bouwhuis","vanaf de steiger / na werkzaamheden"
"109","RM9780MU9","vochttransporten en zouten","15 tot 20 jaar","klimatologische schommelingen","Nee","90%","80%","20%",,"redelijk",,"30%",,"in grote mate",,,"onbetekenend",,,,"1/1/13","Aafje Bouwhuis","vanaf de steiger / na werkzaamheden"
"110","RM9780MU10","vochttransporten en zouten","15 tot 20 jaar","klimatologische schommelingen","Nee","90%","80%","20%",,"redelijk",,"30%",,"in grote mate",,,"onbetekenend",,,,"1/1/13","Aafje Bouwhuis","vanaf de steiger / na werkzaamheden"
"111","RM9780MU11","vochttransporten en zouten","15 tot 20 jaar","klimatologische schommelingen","Nee","90%","70%","30%",,"redelijk",,"30%",,"in grote mate",,,"onbetekenend",,,,"1/1/13","Aafje Bouwhuis","vanaf de steiger / na werkzaamheden"
"112","RM9780MU12","vochttransporten en zouten","15 tot 20 jaar","klimatologische schommelingen","Nee","80%","60%","40%",,"redelijk",,"30%",,"in grote mate",,,"onbetekenend",,,,"1/1/13","Aafje Bouwhuis","vanaf de steiger / na werkzaamheden"
"113","RM9780MU13","vochttransporten en zouten","15 tot 20 jaar","klimatologische schommelingen","Nee","80%","60%","40%",,"redelijk","bladderend","30%",,"in grote mate",,,"onbetekenend",,,,"1/1/13","Aafje Bouwhuis","vanaf de steiger / na werkzaamheden"
"114","RM9780MU14","vochttransporten en zouten","15 tot 20 jaar","klimatologische schommelingen","Nee","90%","80%","20%",,"redelijk","bladderend","30%",,"in grote mate",,,"onbetekenend",,,,"1/1/13","Aafje Bouwhuis","vanaf de steiger / na werkzaamheden"
"115","RM9780MU15","vochttransporten en zouten","15 tot 20 jaar","klimatologische schommelingen","Nee","90%","80%","20%",,"redelijk",,"30%",,"in grote mate",,,"onbetekenend",,,,"1/1/13","Aafje Bouwhuis","vanaf de steiger / na werkzaamheden"
"116","RM9780MU16","vochttransporten en zouten","15 tot 20 jaar","klimatologische schommelingen","Nee","60%","60%","10%",,"redelijk","bladderend","30%",,"in mindere mate",,,"onbetekenend",,,"gevoelig voor afbladdering","1/1/13","Aafje Bouwhuis","vanaf de steiger / na werkzaamheden"
"117","RM9780MU17","vochttransporten en zouten","15 tot 20 jaar","klimatologische schommelingen","Nee","80%","70%","10%",,"redelijk","bladderend","30%",,"in mindere mate",,,"onbetekenend",,,"gevoelig voor afbladdering","1/1/13","Aafje Bouwhuis","vanaf de steiger / na werkzaamheden"
"118","RM9780MU18","vochttransporten en zouten","15 tot 20 jaar","klimatologische schommelingen","Nee","70%","60%","10%",,"redelijk","bladderend","30%",,"in mindere mate",,,"onbetekenend",,,"gevoelig voor afbladdering","1/1/13","Aafje Bouwhuis","vanaf de steiger / na werkzaamheden"
"119","RM9780MU19","vochttransporten en zouten","15 tot 20 jaar","klimatologische schommelingen","Nee","70%","60%","10%",,"redelijk","bladderend","30%",,"in mindere mate",,,"onbetekenend",,,"gevoelig voor afbladdering","1/1/13","Aafje Bouwhuis","vanaf de steiger / na werkzaamheden"
"120","RM9780MU20","vochttransporten en zouten","15 tot 20 jaar","klimatologische schommelingen","Nee","60%","70%","10%",,"redelijk",,"30%",,"in mindere mate",,,"onbetekenend",,"40%",,"1/1/13","Aafje Bouwhuis","vanaf de steiger / na werkzaamheden"
"121","RM9780MU21","vochttransporten en zouten","15 tot 20 jaar","klimatologische schommelingen","Nee","60%","70%","10%",,"redelijk",,"30%",,"in mindere mate",,,"onbetekenend",,"40%",,"1/1/13","Aafje Bouwhuis","vanaf de steiger / na werkzaamheden"
"122","RM9780MU22","vochttransporten en zouten","15 tot 20 jaar","klimatologische schommelingen","Nee","70%","50%","20%",,"redelijk",,"30%",,"in grote mate",,,"onbetekenend",,,,"1/1/13","Aafje Bouwhuis","vanaf de steiger / na werkzaamheden"
"123","RM9780MU23","vochttransporten en zouten","15 tot 20 jaar","klimatologische schommelingen","Nee","90%","70%","30%",,"redelijk",,"30%",,"in grote mate",,,"onbetekenend",,,,"1/1/13","Aafje Bouwhuis","vanaf de steiger / na werkzaamheden"
"124","RM9780MU24","vochttransporten en zouten","15 tot 20 jaar","klimatologische schommelingen","Nee","90%","70%","30%",,"matig",,"30%",,"in grote mate",,,"onbetekenend",,,,"1/1/13","Aafje Bouwhuis","vanaf de steiger / na werkzaamheden"
"125","RM9780MU25","vochttransporten en zouten","15 tot 20 jaar","klimatologische schommelingen","Nee","90%","70%","10%",,"matig",,"30%",,"in grote mate",,,"onbetekenend",,,,"1/1/13","Aafje Bouwhuis","vanaf de steiger / na werkzaamheden"
"126","RM9780MU26","vochttransporten en zouten","15 tot 20 jaar","klimatologische schommelingen","Nee","90%","70%","30%",,"matig",,"30%",,"in grote mate",,,"onbetekenend",,,,"1/1/13","Aafje Bouwhuis","vanaf de steiger / na werkzaamheden"
"127","RM9780MU27","vochttransporten en zouten","15 tot 20 jaar","klimatologische schommelingen","Nee","90%","90%","10%",,"matig",,"30%",,"in grote mate",,,"onbetekenend",,,,"1/1/13","Aafje Bouwhuis","vanaf de steiger / na werkzaamheden"
"128","RM9780MU28","vochttransporten en zouten","15 tot 20 jaar","klimatologische schommelingen","Nee","60%","60%","30%",,"matig","bladderend","30%",,"in grote mate",,,"onbetekenend",,,,"1/1/13","Aafje Bouwhuis","vanaf de steiger / na werkzaamheden"
"129","RM21303MU1","vochttransporten en zouten","vijf tot 10 jaar","klimatologische schommelingen","Nee","80%","70%","20%",,"redelijk","bladderend",,,"in mindere mate",,,,,,,,,
"130","RM21303MU2","scheurvorming, onthechting","vijf tot 10 jaar","verzakkingen, aardbevingen en klimatologische schommelingen","Nee","70%",,,,"matig",,,,"in mindere mate",,,"in mindere mate",,,"In 1977 voor het laatst gerestaureerd, o.a. met plextol B500 en harde cementmortel. In 2015 alleen een beperkt aantal scheuren geinjecteerd ivm bevingsherstel. Tijdens deze werkzaamheden wel meerdere zones met onthechting van de pleisterlagen geconstateerd. Na bijna 50 jaar verval zou een nieuwe conservatieronde wenselijk zijn.","2/1/15","Aafje Bouwhuis",
"131","RM21303MU3","scheurvorming, onthechting","vijf tot 10 jaar","verzakkingen, aardbevingen en klimatologische schommelingen","Nee","80%","80%","10%",,"matig",,,,"in mindere mate",,,"in mindere mate",,,,"2/1/15","Aafje Bouwhuis",
"132","RM21303MU4","scheurvorming, onthechting","vijf tot 10 jaar","verzakkingen, aardbevingen en klimatologische schommelingen","Nee","70%","70%","10%",,"matig",,,,"in mindere mate",,,"in mindere mate",,,,"2/1/15","Aafje Bouwhuis",
"133","RM21303MU5","scheurvorming, onthechting","vijf tot 10 jaar","verzakkingen, aardbevingen en klimatologische schommelingen","Nee","80%","80%","10%",,"matig",,,,"in mindere mate",,,"in mindere mate",,,,"2/1/15","Aafje Bouwhuis",
"134","RM21303MU6","scheurvorming, onthechting","vijf tot 10 jaar","verzakkingen, aardbevingen en klimatologische schommelingen","Nee","70%","80%","10%",,"matig",,,,"in mindere mate",,,"in mindere mate",,,,"2/1/15","Aafje Bouwhuis",
"135","RM21303MU7","scheurvorming, onthechting","vijf tot 10 jaar","verzakkingen, aardbevingen en klimatologische schommelingen","Nee","90%","80%","10%",,"matig",,,,"in mindere mate",,,"in mindere mate",,,,"2/1/15","Aafje Bouwhuis",
"136","RM21303MU8","scheurvorming, onthechting","vijf tot 10 jaar","verzakkingen, aardbevingen en klimatologische schommelingen","Nee","60%",,,,"matig",,,,"in mindere mate",,,"in mindere mate",,,,"2/1/15","Aafje Bouwhuis",
"137","RM21303MU9","scheurvorming, onthechting","vijf tot 10 jaar","verzakkingen, aardbevingen en klimatologische schommelingen","Nee","80%","80%","10%",,"matig",,,,"in mindere mate",,,"in mindere mate",,,,"2/1/15","Aafje Bouwhuis",
"138","RM21303MU10","scheurvorming, onthechting","vijf tot 10 jaar","verzakkingen, aardbevingen en klimatologische schommelingen","Nee","70%","80%","10%",,"matig",,,,,,,"in mindere mate",,,,"2/1/15","Aafje Bouwhuis",
"139","RM21303MU11","scheurvorming, onthechting","vijf tot 10 jaar","verzakkingen, aardbevingen en klimatologische schommelingen","Nee","80%","80%","10%",,"matig",,,,"in mindere mate",,,"in mindere mate",,,,"2/1/15","Aafje Bouwhuis",
"140","RM21303MU12","scheurvorming, onthechting","vijf tot 10 jaar","verzakkingen, aardbevingen en klimatologische schommelingen","Nee","90%","80%","10%",,"matig",,,,"in mindere mate",,,"in mindere mate",,,,"2/1/15","Aafje Bouwhuis",
"141","RM21303MU13","scheurvorming, onthechting","vijf tot 10 jaar","verzakkingen, aardbevingen en klimatologische schommelingen","Nee","90%","90%","0%",,"matig",,,,"in mindere mate",,,"in mindere mate",,,,"2/1/15","Aafje Bouwhuis",
"142","RM21303MU14","scheurvorming, onthechting","vijf tot 10 jaar","verzakkingen, aardbevingen en klimatologische schommelingen","Nee",,"100%","0%",,"matig",,,,"in mindere mate",,,"onbetekenend",,,,"2/1/15","Aafje Bouwhuis",
"143","RM21303MU15","scheurvorming, onthechting","vijf tot 10 jaar","verzakkingen, aardbevingen en klimatologische schommelingen","Nee","80%","100%","0%",,"matig",,,,"in mindere mate",,,"in mindere mate",,,,"2/1/15","Aafje Bouwhuis",
"144","RM21303MU16","scheurvorming, onthechting","vijf tot 10 jaar","verzakkingen, aardbevingen en klimatologische schommelingen","Nee","40%","100%","0%",,"matig",,,,"in mindere mate",,,"in mindere mate",,,,"2/1/15","Aafje Bouwhuis",
"145","RM21303MU17",,"15 tot 20 jaar","verzakkingen, aardbevingen en klimatologische schommelingen","Nee",,,"0%","kalklagen","goed",,,,"onbetekenend","cementpleister",,,,,,,,
"146","RM29894MU1","vochttransporten en zouten","10 tot 15 jaar","vocht","Nee","60%","40%","10%",,"matig",,"10%",,"in grote mate","cement; kalk","lacunes","in mindere mate","50%","10%","Onderste helft van de schildering veel oppervlakkige pleisterschade met nog restanten orgineel schilderwerk ","3/21/24","Nanon Journée","vanaf de steiger / na werkzaamheden"
"147","RM29894MU2","vochttransporten en zouten","10 tot 15 jaar","vocht","Nee","70%","30%","20%",,"matig",,"20%",,"in grote mate","cement additief","lacunes","onbetekenend","40%","20%","Oppervlakkige schade aan pleisterwerk","3/21/24","Nanon Journée","vanaf de steiger / na werkzaamheden"
"148","RM29894MU3","scheurvorming, onthechting","10 tot 15 jaar","verzakkingen en aardbevingen","Nee","90%","80%","20%",,"redelijk",,"10%",,"onbetekenend","kalk ","craquelé","in mindere mate","10%","10%",,"3/21/24","Nanon Journée","vanaf de steiger / na werkzaamheden"
"149","RM29894MU4","scheurvorming, onthechting","10 tot 15 jaar","verzakkingen en aardbevingen","Nee","90%","80%","20%",,"redelijk",,"0%",,"onbetekenend","kalk ","craquelé","in grote mate","20%","10%",,"3/21/24","Nanon Journée","vanaf de steiger / na werkzaamheden"
"150","RM29894MU5","scheurvorming, onthechting","10 tot 15 jaar","verzakkingen en aardbevingen","Nee","70%","80%","20%",,"redelijk",,"10%",,"onbetekenend","cement; kalk","craquelé","in grote mate","10%","10%",,"3/21/24","Nanon Journée","vanaf de steiger / na werkzaamheden"
"151","RM29894MU6","scheurvorming, onthechting","10 tot 15 jaar","verzakkingen en aardbevingen","Nee","70%","70%","30%","verflagen","redelijk",,"10%",,"onbetekenend","cement additief; kalk",,"in grote mate","10%","10%",,"3/21/24","Nanon Journée","vanaf de steiger / na werkzaamheden"
"152","RM29894MU7","scheurvorming, onthechting, zouten","10 tot 15 jaar","verzakkingen, aardbevingen en klimatologische schommelingen","Nee","70%","70%","30%","verflagen","redelijk",,"10%",,"in mindere mate","cement additief; kalk",,"in grote mate","10%","10%","(hygroscopische) zouten in grote restauratievulling 1976-1981","3/21/24","Nanon Journée","vanaf de steiger / na werkzaamheden"
"153","RM29894MU8","scheurvorming, onthechting, zouten","10 tot 15 jaar","verzakkingen, aardbevingen en klimatologische schommelingen","Nee","70%","60%","40%","verflagen","redelijk",,"10%",,"in mindere mate","cement; kalk",,"in grote mate","10%","10%","hygroscopische zouten in omliggend pleisterwerk","3/21/24","Nanon Journée","vanaf de steiger / na werkzaamheden"
"154","RM29894MU9","scheurvorming, onthechting","10 tot 15 jaar","verzakkingen en aardbevingen","Ja",,"70%","30%","verflagen","redelijk",,"10%",,"onbetekenend","cement; kalk",,"in grote mate","10%","10%",,"3/21/24","Nanon Journée","vanaf de steiger / na werkzaamheden"
"155","RM29894MU10","onthechting","10 tot 15 jaar","verzakkingen en aardbevingen","Nee","90%","80%","10%",,"redelijk",,"10%",,"onbetekenend",,"onthechting; craquelé","onbetekenend","10%","10%",,"3/21/24","Nanon Journée","vanaf de steiger / na werkzaamheden"
"156","RM29894MU14","onthechting","10 tot 15 jaar","verzakkingen en aardbevingen","Nee","70%","70%","20%",,"redelijk",,"10%",,"onbetekenend","cement additief","craquelé","onbetekenend","10%","10%",,"3/21/24","Nanon Journée","vanaf de steiger / na werkzaamheden"
"157","RM29894MU15","scheurvorming, onthechting","10 tot 15 jaar","verzakkingen en aardbevingen","Nee","80%","70%","30%","verflagen","matig",,"10%",,"onbetekenend","cement additief; kalk","onthechting; craquelé","in mindere mate","10%","10%",,"3/21/24","Nanon Journée","vanaf de steiger / na werkzaamheden"
"158","RM29894MU16",,"15 tot 20 jaar","verzakkingen en aardbevingen","Nee","50%","70%","30%",,"goed",,"0%",,"onbetekenend","cement additief",,"onbetekenend","10%","0%",,"3/21/24","Nanon Journée","vanaf de steiger / na werkzaamheden"
"159","RM29894MU17",,"15 tot 20 jaar","verzakkingen en aardbevingen","Nee",,"60%","20%",,"goed",,"10%",,"onbetekenend","cement additief",,"onbetekenend","10%","10%",,"3/21/24","Nanon Journée","vanaf de steiger / na werkzaamheden"
"160","RM29894MU18","onthechting","15 tot 20 jaar","verzakkingen en aardbevingen","Nee",,"90%","10%",,"redelijk",,"10%",,"onbetekenend","cement additief","onthechting ","onbetekenend","10%","10%",,"3/21/24","Nanon Journée","vanaf de steiger / na werkzaamheden"
"161","RM29894MU19","onthechting","15 tot 20 jaar","verzakkingen en aardbevingen","Nee",,"80%","20%",,"redelijk",,"0%",,"onbetekenend","cement additief ",,"onbetekenend","10%","0%",,"3/21/24","Nanon Journée","vanaf de steiger / na werkzaamheden"
"162","RM29894MU11","scheurvorming, onthechting","10 tot 15 jaar","klimatologische schommelingen","Ja",,"50%","50%","strappo; verflagen","redelijk",,"10%",,"onbetekenend","cement additief",,"in grote mate","10%","10%","Onderste helft van de schildering is afgehaald en met synthetische lijm op doek teruggeplakt tijdens restauratie 1976-1981","3/21/24","Nanon Journée","vanaf de steiger / na werkzaamheden"
"163","RM29894MU20","scheurvorming, onthechting","10 tot 15 jaar","verzakkingen en aardbevingen","Ja",,"80%","20%","verflagen","redelijk",,"10%",,"onbetekenend","cement; kalk","onthechting; craquelé","in mindere mate","10%","10%","Lichte craquelévorming, pleisterwerk stabiel","3/21/24","Nanon Journée","vanaf de steiger / na werkzaamheden"
"164","RM29894MU21","onthechting","10 tot 15 jaar","verzakkingen en aardbevingen","Nee",,"80%","20%",,"redelijk",,"20%",,"onbetekenend","cement additief","onthechting ","onbetekenend","10%","10%","Ondergrond versteend ","3/21/24","Nanon Journée","vanaf de steiger / na werkzaamheden"
"165","RM29894MU12","onthechting ","vijf tot 10 jaar","klimatologische schommelingen","Nee",,"70%","10%",,"matig",,"10%",,"in mindere mate","cement additief","onthechting ","onbetekenend","10%","10%","Relatief veel onthechting","3/21/24","Nanon Journée","vanaf de steiger / na werkzaamheden"
"166","RM29894MU22","onthechting","vijf tot 10 jaar","klimatologische schommelingen","Ja",,"40%","50%","verflagen","matig",,"20%",,"in mindere mate","cement additief","onthechting ","onbetekenend","10%","20%",,"3/21/24","Nanon Journée","vanaf de steiger / na werkzaamheden"
"167","RM29894MU23","onthechting","vijf tot 10 jaar","klimatologische schommelingen","Nee","60%","50%","40%","verflagen","matig",,"20%",,"in mindere mate","cement additief","onthechting ","onbetekenend","10%","20%","Relatief veel onthechting","3/21/24","Nanon Journée","vanaf de steiger / na werkzaamheden"
"168","RM29894MU13","scheurvorming, onthechting","15 tot 20 jaar","verzakkingen en aardbevingen","Nee","50%","70%","20%","verflagen","redelijk",,"20%",,"onbetekenend",,"onthechting ","in grote mate","10%","10%",,"3/21/24","Nanon Journée","vanaf de steiger / na werkzaamheden"
"169","RM31612MU1",,,,"Nee","80%","40%","50%",,,"bladderend",,,,,,,,,,,,
"170","RM31612MU2",,,,"Nee","80%","30%","50%",,,,,,,,,,,,"details schade volgen na geplande conservering 2024","1/1/21","Aafje Bouwhuis","na inspectie vanaf de grond"
"171","RM31612MU3",,,,"Nee",,,,,,,,,,,,,,,"details schade volgen na geplande conservering 2024","1/1/21","Aafje Bouwhuis","na inspectie vanaf de grond"
"172","RM31612MU4",,,,"Nee","80%",,,,,,,,,,,,,,"details schade volgen na geplande conservering 2024","1/1/21","Aafje Bouwhuis","na inspectie vanaf de grond"
"173","RM31612MU5",,,,"Nee","30%","20%","80%",,,,,,,,,,,,"details schade volgen na geplande conservering 2024","1/1/21","Aafje Bouwhuis","na inspectie vanaf de grond"
"174","RM31612MU6","vochtinwerking",,,"Nee","80%","40%","50%",,,,,,,,,,,,"details schade volgen na geplande conservering 2024","1/1/21","Aafje Bouwhuis","na inspectie vanaf de grond"
"175","RM31612MU7",,,,"Nee",,,,,,,,,,,,,,,"details schade volgen na geplande conservering 2024","1/1/21","Aafje Bouwhuis","na inspectie vanaf de grond"
"176","RM31612MU8","scheurvorming",,,"Nee","70%","50%","40%",,,,,,,,,,,,"details schade volgen na geplande conservering 2024","1/1/21","Aafje Bouwhuis","na inspectie vanaf de grond"
"177","RM31612MU9",,,,"Nee",,,,,,,,,,,,,,,"details schade volgen na geplande conservering 2024","1/1/21","Aafje Bouwhuis","na inspectie vanaf de grond"
"178","RM31612MU10",,,,"Nee",,,,,,,,,,,,,,,"details schade volgen na geplande conservering 2024","1/1/21","Aafje Bouwhuis","na inspectie vanaf de grond"
"179","RM31612MU11","vochtinwerking",,,"Nee","50%","70%","10%",,,,,,,,,,,,"details schade volgen na geplande conservering 2024","1/1/21","Aafje Bouwhuis","na inspectie vanaf de grond"
"180","RM31612MU12","vochtinwerking",,,"Nee","40%","40%","10%",,,,,,,,,,,,"details schade volgen na geplande conservering 2024","1/1/21","Aafje Bouwhuis","na inspectie vanaf de grond"
"181","RM31612MU13","vochtinwerking",,,"Nee","30%","50%","30%",,,,,,,,,,,,"details schade volgen na geplande conservering 2024","1/1/21","Aafje Bouwhuis","na inspectie vanaf de grond"
"182","RM31612MU14","vochtinwerking",,,"Nee","50%","40%","30%",,,,,,,,,,,,"details schade volgen na geplande conservering 2024","1/1/21","Aafje Bouwhuis","na inspectie vanaf de grond"
"183","RM31612MU15","vochtinwerking",,,"Nee","50%","40%","40%",,,,,,,,,,,,"details schade volgen na geplande conservering 2024","1/1/21","Aafje Bouwhuis","na inspectie vanaf de grond"
"184","RM31612MU16",,,,"Nee",,"50%","20%",,,,,,,,,,,,"details schade volgen na geplande conservering 2024","1/1/21","Aafje Bouwhuis","na inspectie vanaf de grond"
"185","RM31612MU17",,,,"Nee",,,,,,,,,,,,,,,"details schade volgen na geplande conservering 2024","1/1/21","Aafje Bouwhuis","na inspectie vanaf de grond"
"186","RM31612MU18",,,,"Nee","90%","50%","40%",,,,,,,,,,,,"details schade volgen na geplande conservering 2024","1/1/21","Aafje Bouwhuis","na inspectie vanaf de grond"
"187","RM31612MU19",,,,"Nee","80%","50%","30%",,,,,,,,,,,,"details schade volgen na geplande conservering 2024","1/1/21","Aafje Bouwhuis","na inspectie vanaf de grond"
"188","RM31612MU20",,,,"Ja","100%","90%","10%",,,,,,,,,,,,"details schade volgen na geplande conservering 2024","1/1/21","Aafje Bouwhuis","na inspectie vanaf de grond"
"189","RM31612MU21","scheurvorming",,,"Ja","100%","90%","10%",,,,,,,,,,,,"details schade volgen na geplande conservering 2024","1/1/21","Aafje Bouwhuis","na inspectie vanaf de grond"
"190","RM31612MU22","scheurvorming",,,"Ja","90%","80%","20%",,,,,,,,,,,,"details schade volgen na geplande conservering 2024","1/1/21","Aafje Bouwhuis","na inspectie vanaf de grond"
"191","RM31612MU23",,,,"Nee","90%","80%","10%",,,,,,,,,,,,"details schade volgen na geplande conservering 2024","1/1/21","Aafje Bouwhuis","na inspectie vanaf de grond"
"192","RM31612MU24",,,,"Nee","80%",,,,,,,,,,,,,,"details schade volgen na geplande conservering 2024","1/1/21","Aafje Bouwhuis","na inspectie vanaf de grond"
"193","RM31612MU25",,,,"Nee","80%","60%","20%",,,,,,,,,,,,"details schade volgen na geplande conservering 2024","1/1/21","Aafje Bouwhuis","na inspectie vanaf de grond"
"194","RM31612MU26",,,,"Nee","80%","70%","20%",,,,,,,,,,,,"details schade volgen na geplande conservering 2024","1/1/21","Aafje Bouwhuis","na inspectie vanaf de grond"
"195","RM31612MU27",,,,"Nee","90%","60%","30%",,,,,,,,,,,,"details schade volgen na geplande conservering 2024","1/1/21","Aafje Bouwhuis","na inspectie vanaf de grond"
"196","RM31612MU28",,,,"Nee","80%","80%","10%",,,,,,,,,,,,"details schade volgen na geplande conservering 2024","1/1/21","Aafje Bouwhuis","na inspectie vanaf de grond"
"197","RM31612MU29","vocht, mogelijk optrekkend",,,"Nee","50%",,,,,,,,,,,,,,"details schade volgen na geplande conservering 2024","1/1/21","Aafje Bouwhuis","na inspectie vanaf de grond"
"198","RM31612MU30",,,,"Nee",,"20%","80%",,,,,,,,,,,,"details schade volgen na geplande conservering 2024","1/1/21","Aafje Bouwhuis","na inspectie vanaf de grond"
"199","RM31612MU31",,,,"Ja","100%","70%","30%",,,,,,,,,,,,"details schade volgen na geplande conservering 2024","1/1/21","Aafje Bouwhuis","na inspectie vanaf de grond"
"200","RM31612MU32",,,,,,,,,,,,,,,,,,,,,,
"201","RM29897MU1","onthechting","15 tot 20 jaar","aardbevingen","Nee","80%","90%","0%","kalklagen","matig",,"10%","onbetekenend","onbetekenend","cement; synthetisch additief","onthechting ","in mindere mate","10%","10%",,"4/2/24","Nanon Journée","vanaf de steiger / na werkzaamheden"
"202","RM29897MU2","onthechting","15 tot 20 jaar","aardbevingen","Nee","60%","60%","20%","kalklagen","matig",,"10%","onbetekenend","onbetekenend","cement; kalk","onthechting","in grote mate","10%","10%","Aanvullingen met potlood 1921","4/2/24","Nanon Journée","vanaf de steiger / na werkzaamheden"
"203","RM29897MU3","onthechting","15 tot 20 jaar","aardbevingen","Nee","60%","90%","0%","kalklagen","matig",,"0%","onbetekenend","onbetekenend","cement; kalk","onthechting","in grote mate","10%","0%",,"4/2/24","Nanon Journée","vanaf de steiger / na werkzaamheden"
"204","RM29897MU4","onthechting","15 tot 20 jaar","aardbevingen","Nee","90%","90%","0%","kalklagen","matig","bladderend","20%","onbetekenend","onbetekenend","cement; synthetisch additief","lacunes","in mindere mate","10%","0%",,"4/2/24","Nanon Journée","vanaf de steiger / na werkzaamheden"
"205","RM29897MU7","onthechting, scheurvorming","15 tot 20 jaar","aardbevingen","Nee","70%","90%","0%","kalklagen","matig",,"20%","onbetekenend","in mindere mate","cement; synthetisch additief","lacunes; verzand","in grote mate","10%","0%","Naast onthechting tussen pleisterlaag en onderliggende baksteen, ook onthechting tussen twee afwerkperiodes. Oude injectiegaten zichtbaar (synthetische injectielijm). ","4/2/24","Nanon Journée","vanaf de steiger / na werkzaamheden"
"206","RM29897MU8","onthechting, scheurvorming","15 tot 20 jaar","aardbevingen","Nee","90%","90%","0%","kalkagen","slecht","bladderend","20%","onbetekenend","in mindere mate","cement; synthetisch additief","lacunes; verzand","in grote mate","10%","20%","Naast onthechting tussen pleisterlaag en onderliggende baksteen, ook onthechting tussen twee afwerkperiodes. Oude injectiegaten zichtbaar (synthetische injectielijm). Grijze verkleuring door synthetisch vulmiddel.","4/2/24","Nanon Journée","vanaf de steiger / na werkzaamheden"
"207","RM29897MU9","onthechting, scheurvorming","15 tot 20 jaar","aardbevingen","Nee","50%","90%","0%","kalklagen","matig",,"10%","onbetekenend","onbetekenend","cement; synthetisch additief","lacunes; verzand","in mindere mate","20%","10%","Veel details na/tijdens restauratie '60 verdwenen. Een groot deel rechts overgestreken met kalklagen.","4/2/24","Nanon Journée","vanaf de steiger / na werkzaamheden"
"208","RM29897MU5","onthechting ","15 tot 20 jaar","aardbevingen","Nee","20%","90%","0%","kalklagen","slecht",,"0%","onbetekenend","in mindere mate","cement; synthetisch additief","lacunes; verzand","onbetekenend","10%","0%","Veel details na/tijdens restauratie '60 verdwenen. ","4/2/24","Nanon Journée","vanaf de steiger / na werkzaamheden"
"209","RM29897MU10","onthechting","15 tot 20 jaar","aardbevingen","Nee",,"90%","0%","kalklagen","slecht",,"30%","onbetekenend","in mindere mate","cement; synthetisch additief","lacunes; verzand","in mindere mate","30%","0%","Na conservatie 2024 lijkt het meer een gevleugeld dier dan een engel.","4/2/24","Nanon Journée","vanaf de steiger / na werkzaamheden"
"210","RM29897MU6","onthechting","15 tot 20 jaar","aardbevingen","Nee","90%","90%","0%","kalklagen","slecht",,"10%","onbetekenend","onbetekenend","cement; synthetisch additief","onthechting","in grote mate","10%","0%",,"4/2/24","Nanon Journée","vanaf de steiger / na werkzaamheden"
"211","RM29897MU11","onthechting","15 tot 20 jaar","aardbevingen","Nee","50%","90%","0%","kalkagen","redelijk",,"10%","onbetekenend","onbetekenend","cement; kalk","lacune","onbetekenend","10%","10%","Veel details blootgelegd in 2024","6/10/24","Nanon Journée","vanaf de steiger / na werkzaamheden"
"212","RM34513MU1",,"15 tot 20 jaar",,"Ja",,"50%","50%","verflagen",,,"10%",,"onbetekenend",,,"onbetekenend","10%",,,"4/2/24","Nanon Journée","na inspectie vanaf de grond"
"213","RM34513MU11",,"15 tot 20 jaar",,,,"50%","50%","verflagen",,,"20%",,"in mindere mate",,,"onbetekenend","10%","20%","Vermoedelijk aanwezigheid van zouten.","4/2/24","Nanon Journée","na inspectie vanaf de grond"
"214","RM34513MU2",,"15 tot 20 jaar",,"Ja",,"90%","10%","verflagen",,,"40%",,"onbetekenend",,,"onbetekenend","10%","10%",,"4/2/24","Nanon Journée","na inspectie vanaf de grond"
"215","RM34513MU3",,"15 tot 20 jaar",,"Nee","90%","100%","0%",,,,"20%",,"in mindere mate",,,"in mindere mate","10%","0%","Vochtschade uit het verleden aan onderzijde.","4/2/24","Nanon Journée","na inspectie vanaf de grond"
"216","RM34513MU4",,"15 tot 20 jaar",,"Nee","60%","100%","0%",,,,"20%",,"in mindere mate",,,"in mindere mate","10%","0%","Vochtschade uit het verleden aan onderzijde.","4/2/24","Nanon Journée","na inspectie vanaf de grond"
"217","RM34513MU5",,"15 tot 20 jaar",,"Nee","70%","100%","0%",,,,"10%",,"in mindere mate",,,"in mindere mate","20%","0%","Vochtschade uit het verleden aan onderzijde.","4/2/24","Nanon Journée","na inspectie vanaf de grond"
"218","RM34513MU6",,"15 tot 20 jaar",,"Nee","90%","100%","0%",,,,"10%",,"in mindere mate","lacunes, craquelé",,"in mindere mate","20%","0%","Vochtschade uit het verleden aan onderzijde.","4/2/24","Nanon Journée","na inspectie vanaf de grond"
"219","RM34513MU7",,"15 tot 20 jaar",,"Nee","50%","100%","0%",,,,"0%",,"onbetekenend",,,"onbetekenend","10%","0%",,"4/2/24","Nanon Journée","na inspectie vanaf de grond"
"220","RM34513MU8",,"twee tot 5",,"Nee","30%","50%","50%","verflagen","slecht","bladderend","10%",,"in grote mate","onthecht",,"in mindere mate","20%","10%","Schildering erg kwetsbaar voor aanraking","4/2/24","Nanon Journée","na inspectie vanaf de grond"
"221","RM34513MU9",,"twee tot 5",,"Nee",,"30%","50%","strappo; verflagen",,,"20%",,"in mindere mate","lacunes ","cement","in mindere mate","10%","10%",,"4/2/24","Nanon Journée","na inspectie vanaf de grond"
"222","RM34513MU10",,"twee tot 5",,"Nee",,"90%","10%","verflagen","slecht",,"0%",,"in mindere mate",,,"onbetekenend","10%","0%",,"4/2/24","Nanon Journée","na inspectie vanaf de grond"
"223","RM9479MU1","onthechting","vijf tot 10 jaar","aardbevingen","Nee","50%","50%","50%","verflagen","redelijk",,"30%","onbetekenend","in grote mate","kalk",,"in mindere mate","30%","20%","over grote delen een dunne restauratiesaus (verf) die in verpoederde staat verkeert, terwijl de originele verflagen niet verpoederen maar eerder afbladderen.","1/1/15","Aafje Bouwhuis","vanaf de steiger / na werkzaamheden"
"224","RM9479MU2","onthechting","vijf tot 10 jaar","aardbevingen","Nee",,"50%",,,"matig","bladderend","10%","onbetekenend","in grote mate","kalk; cement","verzand","onbetekenend","20%","0%",,"1/1/15","Aafje Bouwhuis","vanaf de steiger / na werkzaamheden"
"225","RM9479MU3",,"vijf tot 10 jaar","aardbevingen","Nee",,"70%","20%",,"redelijk",,"10%","onbetekenend","in mindere mate","kalk",,"in grote mate","50%","10%",,"1/1/15","Aafje Bouwhuis","vanaf de steiger / na werkzaamheden"
"226","RM9479MU4",,"vijf tot 10 jaar","aardbevingen","Ja",,"90%","10%",,"redelijk",,"20%","onbetekenend","in mindere mate","kalk","verzand","onbetekenend","50%","0%",,"1/1/15","Aafje Bouwhuis","vanaf de steiger / na werkzaamheden"
"227","RM9479MU5",,"vijf tot 10 jaar","aardbevingen","Nee",,"60%","40%",,"redelijk","bladderend","20%","onbetekenend","in mindere mate","kalk",,"in mindere mate","40%","10%",,"1/1/15","Aafje Bouwhuis","vanaf de steiger / na werkzaamheden"
"228","RM40306MU1",,,"aardbevingen","Nee","90%","50%","50%","verflagen","redelijk",,,,,"cement additief",,"in grote mate",,,"over grote delen een dunne restauratiesaus (verf) die in verpoederde staat verkeert, terwijl de originele verflagen niet verpoederen maar eerder afbladderen.","1/1/24","Aafje Bouwhuis","na inspectie vanaf de grond"
"229","RM40306MU2",,,"aardbevingen","Nee",,"100%","0%",,,,,,,"cement additief",,"in grote mate",,,,"1/1/24","Aafje Bouwhuis","na inspectie vanaf de grond"
"230","RM40306MU3",,,"aardbevingen","Nee","0%",,,,,,,,,"cement additief",,"in grote mate",,,,"1/1/24","Aafje Bouwhuis","na inspectie vanaf de grond"
"231","RM40306MU4",,,"aardbevingen","Nee",,,,"verflagen","redelijk",,,,,"cement additief",,"onbetekenend",,,,"1/1/24","Aafje Bouwhuis","na inspectie vanaf de grond"
"232","RM9474MU1a","vochttransporten; scheurvorming",,"verzakkingen, aardbevingen en klimatologische schommelingen","Nee","50%","50%","50%",,,,"60%",,,,,"omvangrijk",,,,"1/1/24","Aafje Bouwhuis","na inspectie vanaf de grond"
"233","RM9474MU1b","vochttransporten; scheurvorming",,"verzakkingen, aardbevingen en klimatologische schommelingen","Nee","10%","30%","50%",,,,"60%",,,,,"omvangrijk",,,,"1/1/24","Aafje Bouwhuis","na inspectie vanaf de grond"
"234","RM9474MU1c","vochttransporten; scheurvorming",,"verzakkingen, aardbevingen en klimatologische schommelingen","Nee","50%","60%","10%",,,,"30%",,,,,"omvangrijk",,,,"1/1/24","Aafje Bouwhuis","na inspectie vanaf de grond"
"235","RM9474MU1d","vochttransporten; scheurvorming",,"verzakkingen, aardbevingen en klimatologische schommelingen","Nee","10%","90%","10%",,,,"10%",,,,,"omvangrijk",,,,"1/1/24","Aafje Bouwhuis","na inspectie vanaf de grond"
"236","RM9474MU2","vochttransporten",,"Vochttransporten en klimatologiscghe schommelingen","Nee",,"80%","20%",,,,"20%",,,"cement additief",,"onbetekenend",,,,"1/1/24","Aafje Bouwhuis","na inspectie vanaf de grond"
"237","RM9474MU3","vochttransporten","van 1 tot 2 jaar","Vochttransporten en klimatologiscghe schommelingen","Nee","30%","70%","30%",,"slecht",,"10%",,"in grote mate","cement additief","verzand; onthecht","onbetekenend",,"30%",,"1/1/24","Aafje Bouwhuis","na inspectie vanaf de grond"
"238","RM9474MU4","vochttransporten","van 1 tot 2 jaar","Vochttransporten en klimatologiscghe schommelingen","Nee","30%","60%","40%",,"slecht",,"10%",,"in grote mate","cement additief","verzand; onthecht","onbetekenend",,"30%",,"1/1/24","Aafje Bouwhuis","na inspectie vanaf de grond"
"239","RM9474MU5","vochttransporten","van 1 tot 2 jaar","Vochttransporten en klimatologiscghe schommelingen","Nee","50%","90%","10%",,"slecht","corrosie","60%","omvangrijk","omvangrijk","cement additief","verzand; onthecht","onbetekenend","60%","30%",,"1/1/24","Aafje Bouwhuis","na inspectie vanaf de grond"
"240","RM9474MU6","vochttransporten","van 1 tot 2 jaar","Vochttransporten en klimatologiscghe schommelingen","Nee","90%","60%","40%",,"slecht","corrosie","60%","omvangrijk","omvangrijk","cement additief","verzand; onthecht","onbetekenend","60%","30%",,"1/1/24","Aafje Bouwhuis","na inspectie vanaf de grond"
"241","RM9474MU7",,,,,,,,,,,,,,,,,,,"schildering bevindt zich vermoedelijk nog onder witkalklagen of is verdwenen","1/1/24","Aafje Bouwhuis","na inspectie vanaf de grond"
